http://i.imgur.com/FApqk3D.jpg,#FFFFFFFF,#FF000000,#FFF3C300
https://i.redd.it/cpkq97klre4z.jpg,#FF777868,#FF767767,#FFB3B4A4
http://i.imgur.com/TKLs9lo.jpg,#FFFFFFFF,#FFFEFEFE,#FFF7F7F7
https://i.redd.it/h5t3qddvvzry.jpg,#FF0E0E0E,#FF0D0D0D,#FF020202
https://i.redd.it/ru12lvaf7jyy.jpg,#FF9D9996,#FF9C9895,#FF9E9A97
https://i.redd.it/c5pk0vnpg3ty.jpg,#FF6E81CD,#FF6E81CE,#FFFEFEFE
http://i.imgur.com/qvnjbVw.jpg,#FFA9ACB5,#FFA8ABB4,#FFAAADB6
http://i.imgur.com/RycdbMO.jpg,#FFF0F7FF,#FFF2F9FF,#FFF1F8FF
https://i.redd.it/ax4eueu0szpy.jpg,#FF22273A,#FFBCBAC8,#FFBCBAC7
https://i.redd.it/guul6eld2soy.jpg,#FF6B7B94,#FF6D7D96,#FF807967
https://i.redd.it/sn7ufk9fsv4z.jpg,#FFCCD1D7,#FFCBD0D6,#FFCACFD5
https://i.redd.it/n9jq5j2tatcy.jpg,#FFF3FFFF,#FFF3FEFF,#FFF4FFFF
http://i.imgur.com/Gh2I3pq.jpg,#FFC7B09E,#FFCEB9A8,#FFCFBAA9
https://i.redd.it/d8021b5i2moy.jpg,#FFFFFFFF,#FF020305,#FF030406
https://i.redd.it/4m5yk8gjrtzy.jpg,#FF010101,#FF020001,#FF040001
https://i.redd.it/0qow2dksb34z.jpg,#FFFFFFFF,#FF9FCAEC,#FFFFFFFD
https://i.redd.it/ftd3sx5ah13z.jpg,#FFFDFEFF,#FFB44B2D,#FFB54B31
http://i.imgur.com/pt9rmrv.jpg,#FFFFFFFF,#FFFCEBDB,#FFFBEADA
https://i.redd.it/xae65ypfqycy.jpg,#FFF4F4F4,#FFC83A2E,#FFC24541
http://i.imgur.com/lcEUZHv.jpg,#FFFFFFFF,#FFC6BBBF,#FF444A5A
https://i.redd.it/1nlgrn49x7ry.jpg,#FF0F0F0F,#FF101010,#FF14100D
http://i.imgur.com/6pnYQUv.jpg,#FF191A1E,#FF1A1B1F,#FF18191D
http://i.imgur.com/Gh2I3pq.jpg,#FFC7B09E,#FFCEB9A8,#FFCFBAA9
https://i.imgur.com/HRgRMOw.jpg,#FFA4A3A8,#FF408A59,#FF40895B
http://i.imgur.com/M3NOzLC.jpg,#FFFFFFFF,#FF93907D,#FF928F7C
https://i.redd.it/rubsfuf64lvy.jpg,#FFBBB4A2,#FFBCB5A3,#FFBAB3A1
https://i.redd.it/m4cfqp8wfv5z.jpg,#FFDADADC,#FFD0D0D0,#FFD1D1D1
https://i.redd.it/w5q6gldnvcuy.jpg,#FFF3F3F3,#FF19161D,#FF18151C
https://i.redd.it/nrafqoujmety.jpg,#FF232124,#FF242225,#FF222023
https://i.redd.it/tb5pckm6e72y.jpg,#FFB8B6AA,#FFA1A29D,#FFA0A19C
https://i.redd.it/s5viyluv421z.jpg,#FFF5EEDC,#FF7A522F,#FFF6EFDD
https://i.redd.it/ru12lvaf7jyy.jpg,#FF9D9996,#FF9C9895,#FF9E9A97
https://i.redd.it/fyqzavufvjwy.jpg,#FFDCB083,#FFFEFEFE,#FFDAAE81
https://i.redd.it/c5pk0vnpg3ty.jpg,#FF6E81CD,#FF6E81CE,#FFFEFEFE
https://i.redd.it/h5t3qddvvzry.jpg,#FF0E0E0E,#FF0D0D0D,#FF020202
http://i.imgur.com/qvnjbVw.jpg,#FFA9ACB5,#FFA8ABB4,#FFAAADB6
https://i.redd.it/ax4eueu0szpy.jpg,#FF22273A,#FFBCBAC8,#FFBCBAC7
https://i.redd.it/guul6eld2soy.jpg,#FF6B7B94,#FF6D7D96,#FF807967
https://i.redd.it/7ofdqmp53bzy.jpg,#FF97896A,#FF968869,#FF958768
http://i.imgur.com/sXhEQez.jpg,#FFFFFFFF,#FF000000,#FFFEFEFE
https://i.redd.it/m4cfqp8wfv5z.jpg,#FFDADADC,#FFD0D0D0,#FFD1D1D1
https://i.redd.it/tb5pckm6e72y.jpg,#FFB8B6AA,#FFA1A29D,#FFA0A19C
https://i.redd.it/cwljeujku33z.jpg,#FFE9E6DF,#FFE4E1DC,#FFE9E4DE
https://i.redd.it/fyqzavufvjwy.jpg,#FFDCB083,#FFFEFEFE,#FFDAAE81
https://i.redd.it/fsuv32a1cc9y.jpg,#FFFFFFFF,#FFFEFEFE,#FFFDFDFD
https://i.redd.it/lsuw4p2ncyny.jpg,#FFFFFFFF,#FFAF7536,#FFFFFFFD
https://i.redd.it/ftd3sx5ah13z.jpg,#FFFDFEFF,#FFB44B2D,#FFB54B31
http://i.imgur.com/FApqk3D.jpg,#FFFFFFFF,#FF000000,#FFF3C300
http://i.imgur.com/TKLs9lo.jpg,#FFFFFFFF,#FFFEFEFE,#FFF7F7F7
http://i.imgur.com/Gh2I3pq.jpg,#FFC7B09E,#FFCEB9A8,#FFCFBAA9
https://i.redd.it/lsuw4p2ncyny.jpg,#FFFFFFFF,#FFAF7536,#FFFFFFFD
http://i.imgur.com/FApqk3D.jpg,#FFFFFFFF,#FF000000,#FFF3C300
http://i.imgur.com/TKLs9lo.jpg,#FFFFFFFF,#FFFEFEFE,#FFF7F7F7
https://i.redd.it/d8021b5i2moy.jpg,#FFFFFFFF,#FF020305,#FF030406
https://i.redd.it/4m5yk8gjrtzy.jpg,#FF010101,#FF020001,#FF040001
http://i.imgur.com/enhDnTM.jpg,#FFFFFFFF,#FF000000,#FFC7E5EF
https://i.redd.it/xae65ypfqycy.jpg,#FFF4F4F4,#FFC83A2E,#FFC24541
https://i.redd.it/7ofdqmp53bzy.jpg,#FF97896A,#FF968869,#FF958768
http://i.imgur.com/tyDhTll.jpg,#FF070705,#FF050503,#FF060604
https://i.redd.it/m4cfqp8wfv5z.jpg,#FFDADADC,#FFD0D0D0,#FFD1D1D1
http://i.imgur.com/sXhEQez.jpg,#FFFFFFFF,#FF000000,#FFFEFEFE
http://i.imgur.com/lcEUZHv.jpg,#FFFFFFFF,#FFC6BBBF,#FF444A5A
http://i.imgur.com/puEqa4C.jpg,#FF908E9C,#FF928FA2,#FF92909E
https://i.redd.it/tb5pckm6e72y.jpg,#FFB8B6AA,#FFA1A29D,#FFA0A19C
https://i.redd.it/1nlgrn49x7ry.jpg,#FF0F0F0F,#FF101010,#FF14100D
https://i.redd.it/ihczg3pmle3z.jpg,#FFB0B9A8,#FFA3AC9B,#FFAFB8A7
https://i.redd.it/cpkq97klre4z.jpg,#FF777868,#FF767767,#FFB3B4A4
https://i.redd.it/cwljeujku33z.jpg,#FFE9E6DF,#FFE4E1DC,#FFE9E4DE
https://i.redd.it/fyqzavufvjwy.jpg,#FFDCB083,#FFFEFEFE,#FFDAAE81
https://i.redd.it/fsuv32a1cc9y.jpg,#FFFFFFFF,#FFFEFEFE,#FFFDFDFD
http://i.imgur.com/RycdbMO.jpg,#FFF0F7FF,#FFF2F9FF,#FFF1F8FF
http://i.imgur.com/M3NOzLC.jpg,#FFFFFFFF,#FF93907D,#FF928F7C
https://i.redd.it/d8021b5i2moy.jpg,#FFFFFFFF,#FF020305,#FF030406
https://i.redd.it/4m5yk8gjrtzy.jpg,#FF010101,#FF020001,#FF040001
https://i.redd.it/w5q6gldnvcuy.jpg,#FFF3F3F3,#FF19161D,#FF18151C
https://i.redd.it/sn7ufk9fsv4z.jpg,#FFCCD1D7,#FFCBD0D6,#FFCACFD5
https://i.redd.it/s5viyluv421z.jpg,#FFF5EEDC,#FF7A522F,#FFF6EFDD
https://i.redd.it/h5t3qddvvzry.jpg,#FF0E0E0E,#FF0D0D0D,#FF020202
https://i.redd.it/xae65ypfqycy.jpg,#FFF4F4F4,#FFC83A2E,#FFC24541
http://i.imgur.com/lcEUZHv.jpg,#FFFFFFFF,#FFC6BBBF,#FF444A5A
https://i.redd.it/n9jq5j2tatcy.jpg,#FFF3FFFF,#FFF3FEFF,#FFF4FFFF
https://i.redd.it/1nlgrn49x7ry.jpg,#FF0F0F0F,#FF101010,#FF14100D
https://i.redd.it/0qow2dksb34z.jpg,#FFFFFFFF,#FF9FCAEC,#FFFFFFFD
http://i.imgur.com/M3NOzLC.jpg,#FFFFFFFF,#FF93907D,#FF928F7C
http://i.imgur.com/pt9rmrv.jpg,#FFFFFFFF,#FFFCEBDB,#FFFBEADA
https://i.redd.it/w5q6gldnvcuy.jpg,#FFF3F3F3,#FF19161D,#FF18151C
https://i.redd.it/lsuw4p2ncyny.jpg,#FFFFFFFF,#FFAF7536,#FFFFFFFD
https://i.redd.it/s5viyluv421z.jpg,#FFF5EEDC,#FF7A522F,#FFF6EFDD
http://i.imgur.com/FApqk3D.jpg,#FFFFFFFF,#FF000000,#FFF3C300
http://i.imgur.com/TKLs9lo.jpg,#FFFFFFFF,#FFFEFEFE,#FFF7F7F7
http://i.imgur.com/6pnYQUv.jpg,#FF191A1E,#FF1A1B1F,#FF18191D
https://i.redd.it/h5t3qddvvzry.jpg,#FF0E0E0E,#FF0D0D0D,#FF020202
https://i.imgur.com/HRgRMOw.jpg,#FFA4A3A8,#FF408A59,#FF40895B
https://i.redd.it/rubsfuf64lvy.jpg,#FFBBB4A2,#FFBCB5A3,#FFBAB3A1
https://i.redd.it/ftd3sx5ah13z.jpg,#FFFDFEFF,#FFB44B2D,#FFB54B31
https://i.redd.it/nrafqoujmety.jpg,#FF232124,#FF242225,#FF222023
https://i.redd.it/ru12lvaf7jyy.jpg,#FF9D9996,#FF9C9895,#FF9E9A97
http://i.imgur.com/enhDnTM.jpg,#FFFFFFFF,#FF000000,#FFC7E5EF
https://i.redd.it/c5pk0vnpg3ty.jpg,#FF6E81CD,#FF6E81CE,#FFFEFEFE
http://i.imgur.com/qvnjbVw.jpg,#FFA9ACB5,#FFA8ABB4,#FFAAADB6
http://i.imgur.com/tyDhTll.jpg,#FF070705,#FF050503,#FF060604
http://i.imgur.com/puEqa4C.jpg,#FF908E9C,#FF928FA2,#FF92909E
https://i.redd.it/ihczg3pmle3z.jpg,#FFB0B9A8,#FFA3AC9B,#FFAFB8A7
https://i.redd.it/ax4eueu0szpy.jpg,#FF22273A,#FFBCBAC8,#FFBCBAC7
https://i.redd.it/cpkq97klre4z.jpg,#FF777868,#FF767767,#FFB3B4A4
https://i.redd.it/d8021b5i2moy.jpg,#FFFFFFFF,#FF020305,#FF030406
https://i.redd.it/4m5yk8gjrtzy.jpg,#FF010101,#FF020001,#FF040001
https://i.redd.it/guul6eld2soy.jpg,#FF6B7B94,#FF6D7D96,#FF807967
http://i.imgur.com/RycdbMO.jpg,#FFF0F7FF,#FFF2F9FF,#FFF1F8FF
https://i.redd.it/xae65ypfqycy.jpg,#FFF4F4F4,#FFC83A2E,#FFC24541
http://i.imgur.com/lcEUZHv.jpg,#FFFFFFFF,#FFC6BBBF,#FF444A5A
https://i.redd.it/1nlgrn49x7ry.jpg,#FF0F0F0F,#FF101010,#FF14100D
https://i.redd.it/ftd3sx5ah13z.jpg,#FFFDFEFF,#FFB44B2D,#FFB54B31
https://i.redd.it/sn7ufk9fsv4z.jpg,#FFCCD1D7,#FFCBD0D6,#FFCACFD5
https://i.redd.it/n9jq5j2tatcy.jpg,#FFF3FFFF,#FFF3FEFF,#FFF4FFFF
https://i.redd.it/7ofdqmp53bzy.jpg,#FF97896A,#FF968869,#FF958768
http://i.imgur.com/sXhEQez.jpg,#FFFFFFFF,#FF000000,#FFFEFEFE
http://i.imgur.com/M3NOzLC.jpg,#FFFFFFFF,#FF93907D,#FF928F7C
https://i.redd.it/cwljeujku33z.jpg,#FFE9E6DF,#FFE4E1DC,#FFE9E4DE
https://i.redd.it/w5q6gldnvcuy.jpg,#FFF3F3F3,#FF19161D,#FF18151C
https://i.redd.it/fsuv32a1cc9y.jpg,#FFFFFFFF,#FFFEFEFE,#FFFDFDFD
https://i.redd.it/s5viyluv421z.jpg,#FFF5EEDC,#FF7A522F,#FFF6EFDD
https://i.redd.it/0qow2dksb34z.jpg,#FFFFFFFF,#FF9FCAEC,#FFFFFFFD
https://i.redd.it/h5t3qddvvzry.jpg,#FF0E0E0E,#FF0D0D0D,#FF020202
http://i.imgur.com/pt9rmrv.jpg,#FFFFFFFF,#FFFCEBDB,#FFFBEADA
http://i.imgur.com/Gh2I3pq.jpg,#FFC7B09E,#FFCEB9A8,#FFCFBAA9
http://i.imgur.com/6pnYQUv.jpg,#FF191A1E,#FF1A1B1F,#FF18191D
https://i.imgur.com/HRgRMOw.jpg,#FFA4A3A8,#FF408A59,#FF40895B
https://i.redd.it/7ofdqmp53bzy.jpg,#FF97896A,#FF968869,#FF958768
https://i.redd.it/rubsfuf64lvy.jpg,#FFBBB4A2,#FFBCB5A3,#FFBAB3A1
http://i.imgur.com/sXhEQez.jpg,#FFFFFFFF,#FF000000,#FFFEFEFE
https://i.redd.it/cwljeujku33z.jpg,#FFE9E6DF,#FFE4E1DC,#FFE9E4DE
https://i.redd.it/nrafqoujmety.jpg,#FF232124,#FF242225,#FF222023
https://i.redd.it/fsuv32a1cc9y.jpg,#FFFFFFFF,#FFFEFEFE,#FFFDFDFD
https://i.redd.it/ru12lvaf7jyy.jpg,#FF9D9996,#FF9C9895,#FF9E9A97
https://i.redd.it/c5pk0vnpg3ty.jpg,#FF6E81CD,#FF6E81CE,#FFFEFEFE
http://i.imgur.com/qvnjbVw.jpg,#FFA9ACB5,#FFA8ABB4,#FFAAADB6
https://i.redd.it/ax4eueu0szpy.jpg,#FF22273A,#FFBCBAC8,#FFBCBAC7
https://i.redd.it/ftd3sx5ah13z.jpg,#FFFDFEFF,#FFB44B2D,#FFB54B31
https://i.redd.it/m4cfqp8wfv5z.jpg,#FFDADADC,#FFD0D0D0,#FFD1D1D1
https://i.redd.it/tb5pckm6e72y.jpg,#FFB8B6AA,#FFA1A29D,#FFA0A19C
https://i.redd.it/guul6eld2soy.jpg,#FF6B7B94,#FF6D7D96,#FF807967
https://i.redd.it/fyqzavufvjwy.jpg,#FFDCB083,#FFFEFEFE,#FFDAAE81
http://i.imgur.com/enhDnTM.jpg,#FFFFFFFF,#FF000000,#FFC7E5EF
http://i.imgur.com/tyDhTll.jpg,#FF070705,#FF050503,#FF060604
http://i.imgur.com/puEqa4C.jpg,#FF908E9C,#FF928FA2,#FF92909E
https://i.redd.it/ihczg3pmle3z.jpg,#FFB0B9A8,#FFA3AC9B,#FFAFB8A7
https://i.redd.it/cpkq97klre4z.jpg,#FF777868,#FF767767,#FFB3B4A4
http://i.imgur.com/RycdbMO.jpg,#FFF0F7FF,#FFF2F9FF,#FFF1F8FF
https://i.redd.it/7ofdqmp53bzy.jpg,#FF97896A,#FF968869,#FF958768
http://i.imgur.com/sXhEQez.jpg,#FFFFFFFF,#FF000000,#FFFEFEFE
http://i.imgur.com/Gh2I3pq.jpg,#FFC7B09E,#FFCEB9A8,#FFCFBAA9
https://i.redd.it/sn7ufk9fsv4z.jpg,#FFCCD1D7,#FFCBD0D6,#FFCACFD5
https://i.redd.it/lsuw4p2ncyny.jpg,#FFFFFFFF,#FFAF7536,#FFFFFFFD
https://i.redd.it/cwljeujku33z.jpg,#FFE9E6DF,#FFE4E1DC,#FFE9E4DE
https://i.redd.it/n9jq5j2tatcy.jpg,#FFF3FFFF,#FFF3FEFF,#FFF4FFFF
http://i.imgur.com/FApqk3D.jpg,#FFFFFFFF,#FF000000,#FFF3C300
https://i.redd.it/fsuv32a1cc9y.jpg,#FFFFFFFF,#FFFEFEFE,#FFFDFDFD
http://i.imgur.com/TKLs9lo.jpg,#FFFFFFFF,#FFFEFEFE,#FFF7F7F7
http://i.imgur.com/enhDnTM.jpg,#FFFFFFFF,#FF000000,#FFC7E5EF
http://i.imgur.com/tyDhTll.jpg,#FF070705,#FF050503,#FF060604
http://i.imgur.com/puEqa4C.jpg,#FF908E9C,#FF928FA2,#FF92909E
https://i.redd.it/ihczg3pmle3z.jpg,#FFB0B9A8,#FFA3AC9B,#FFAFB8A7
https://i.redd.it/cpkq97klre4z.jpg,#FF777868,#FF767767,#FFB3B4A4
https://i.redd.it/0qow2dksb34z.jpg,#FFFFFFFF,#FF9FCAEC,#FFFFFFFD
http://i.imgur.com/pt9rmrv.jpg,#FFFFFFFF,#FFFCEBDB,#FFFBEADA
http://i.imgur.com/RycdbMO.jpg,#FFF0F7FF,#FFF2F9FF,#FFF1F8FF
http://i.imgur.com/6pnYQUv.jpg,#FF191A1E,#FF1A1B1F,#FF18191D
https://i.redd.it/sn7ufk9fsv4z.jpg,#FFCCD1D7,#FFCBD0D6,#FFCACFD5
https://i.redd.it/m4cfqp8wfv5z.jpg,#FFDADADC,#FFD0D0D0,#FFD1D1D1
https://i.imgur.com/HRgRMOw.jpg,#FFA4A3A8,#FF408A59,#FF40895B
https://i.redd.it/tb5pckm6e72y.jpg,#FFB8B6AA,#FFA1A29D,#FFA0A19C
https://i.redd.it/rubsfuf64lvy.jpg,#FFBBB4A2,#FFBCB5A3,#FFBAB3A1
https://i.redd.it/d8021b5i2moy.jpg,#FFFFFFFF,#FF020305,#FF030406
https://i.redd.it/fyqzavufvjwy.jpg,#FFDCB083,#FFFEFEFE,#FFDAAE81
https://i.redd.it/n9jq5j2tatcy.jpg,#FFF3FFFF,#FFF3FEFF,#FFF4FFFF
https://i.redd.it/4m5yk8gjrtzy.jpg,#FF010101,#FF020001,#FF040001
https://i.redd.it/nrafqoujmety.jpg,#FF232124,#FF242225,#FF222023
https://i.redd.it/ru12lvaf7jyy.jpg,#FF9D9996,#FF9C9895,#FF9E9A97
https://i.redd.it/c5pk0vnpg3ty.jpg,#FF6E81CD,#FF6E81CE,#FFFEFEFE
http://i.imgur.com/qvnjbVw.jpg,#FFA9ACB5,#FFA8ABB4,#FFAAADB6
https://i.redd.it/xae65ypfqycy.jpg,#FFF4F4F4,#FFC83A2E,#FFC24541
https://i.redd.it/ax4eueu0szpy.jpg,#FF22273A,#FFBCBAC8,#FFBCBAC7
http://i.imgur.com/lcEUZHv.jpg,#FFFFFFFF,#FFC6BBBF,#FF444A5A
https://i.redd.it/1nlgrn49x7ry.jpg,#FF0F0F0F,#FF101010,#FF14100D
https://i.redd.it/0qow2dksb34z.jpg,#FFFFFFFF,#FF9FCAEC,#FFFFFFFD
https://i.redd.it/guul6eld2soy.jpg,#FF6B7B94,#FF6D7D96,#FF807967
http://i.imgur.com/pt9rmrv.jpg,#FFFFFFFF,#FFFCEBDB,#FFFBEADA
http://i.imgur.com/M3NOzLC.jpg,#FFFFFFFF,#FF93907D,#FF928F7C
http://i.imgur.com/6pnYQUv.jpg,#FF191A1E,#FF1A1B1F,#FF18191D
http://i.imgur.com/enhDnTM.jpg,#FFFFFFFF,#FF000000,#FFC7E5EF
http://i.imgur.com/tyDhTll.jpg,#FF070705,#FF050503,#FF060604
http://i.imgur.com/puEqa4C.jpg,#FF908E9C,#FF928FA2,#FF92909E
https://i.redd.it/w5q6gldnvcuy.jpg,#FFF3F3F3,#FF19161D,#FF18151C
https://i.redd.it/ihczg3pmle3z.jpg,#FFB0B9A8,#FFA3AC9B,#FFAFB8A7
https://i.redd.it/s5viyluv421z.jpg,#FFF5EEDC,#FF7A522F,#FFF6EFDD
https://i.redd.it/cpkq97klre4z.jpg,#FF777868,#FF767767,#FFB3B4A4
https://i.redd.it/h5t3qddvvzry.jpg,#FF0E0E0E,#FF0D0D0D,#FF020202
https://i.imgur.com/HRgRMOw.jpg,#FFA4A3A8,#FF408A59,#FF40895B
https://i.redd.it/lsuw4p2ncyny.jpg,#FFFFFFFF,#FFAF7536,#FFFFFFFD
http://i.imgur.com/RycdbMO.jpg,#FFF0F7FF,#FFF2F9FF,#FFF1F8FF
http://i.imgur.com/FApqk3D.jpg,#FFFFFFFF,#FF000000,#FFF3C300
http://i.imgur.com/TKLs9lo.jpg,#FFFFFFFF,#FFFEFEFE,#FFF7F7F7
https://i.redd.it/rubsfuf64lvy.jpg,#FFBBB4A2,#FFBCB5A3,#FFBAB3A1
https://i.redd.it/nrafqoujmety.jpg,#FF232124,#FF242225,#FF222023
https://i.redd.it/sn7ufk9fsv4z.jpg,#FFCCD1D7,#FFCBD0D6,#FFCACFD5
https://i.redd.it/ru12lvaf7jyy.jpg,#FF9D9996,#FF9C9895,#FF9E9A97
https://i.redd.it/c5pk0vnpg3ty.jpg,#FF6E81CD,#FF6E81CE,#FFFEFEFE
http://i.imgur.com/Gh2I3pq.jpg,#FFC7B09E,#FFCEB9A8,#FFCFBAA9
http://i.imgur.com/qvnjbVw.jpg,#FFA9ACB5,#FFA8ABB4,#FFAAADB6
https://i.redd.it/n9jq5j2tatcy.jpg,#FFF3FFFF,#FFF3FEFF,#FFF4FFFF
https://i.redd.it/ax4eueu0szpy.jpg,#FF22273A,#FFBCBAC8,#FFBCBAC7
https://i.redd.it/guul6eld2soy.jpg,#FF6B7B94,#FF6D7D96,#FF807967
https://i.redd.it/0qow2dksb34z.jpg,#FFFFFFFF,#FF9FCAEC,#FFFFFFFD
http://i.imgur.com/pt9rmrv.jpg,#FFFFFFFF,#FFFCEBDB,#FFFBEADA
https://i.redd.it/d8021b5i2moy.jpg,#FFFFFFFF,#FF020305,#FF030406
https://i.redd.it/4m5yk8gjrtzy.jpg,#FF010101,#FF020001,#FF040001
https://i.redd.it/ftd3sx5ah13z.jpg,#FFFDFEFF,#FFB44B2D,#FFB54B31
http://i.imgur.com/6pnYQUv.jpg,#FF191A1E,#FF1A1B1F,#FF18191D
https://i.redd.it/m4cfqp8wfv5z.jpg,#FFDADADC,#FFD0D0D0,#FFD1D1D1
https://i.redd.it/xae65ypfqycy.jpg,#FFF4F4F4,#FFC83A2E,#FFC24541
https://i.redd.it/tb5pckm6e72y.jpg,#FFB8B6AA,#FFA1A29D,#FFA0A19C
https://i.imgur.com/HRgRMOw.jpg,#FFA4A3A8,#FF408A59,#FF40895B
http://i.imgur.com/lcEUZHv.jpg,#FFFFFFFF,#FFC6BBBF,#FF444A5A
https://i.redd.it/rubsfuf64lvy.jpg,#FFBBB4A2,#FFBCB5A3,#FFBAB3A1
https://i.redd.it/fyqzavufvjwy.jpg,#FFDCB083,#FFFEFEFE,#FFDAAE81
https://i.redd.it/1nlgrn49x7ry.jpg,#FF0F0F0F,#FF101010,#FF14100D
https://i.redd.it/nrafqoujmety.jpg,#FF232124,#FF242225,#FF222023
https://i.redd.it/ru12lvaf7jyy.jpg,#FF9D9996,#FF9C9895,#FF9E9A97
https://i.redd.it/c5pk0vnpg3ty.jpg,#FF6E81CD,#FF6E81CE,#FFFEFEFE
http://i.imgur.com/qvnjbVw.jpg,#FFA9ACB5,#FFA8ABB4,#FFAAADB6
http://i.imgur.com/Gh2I3pq.jpg,#FFC7B09E,#FFCEB9A8,#FFCFBAA9
https://i.redd.it/ax4eueu0szpy.jpg,#FF22273A,#FFBCBAC8,#FFBCBAC7
http://i.imgur.com/M3NOzLC.jpg,#FFFFFFFF,#FF93907D,#FF928F7C
https://i.redd.it/w5q6gldnvcuy.jpg,#FFF3F3F3,#FF19161D,#FF18151C
https://i.redd.it/s5viyluv421z.jpg,#FFF5EEDC,#FF7A522F,#FFF6EFDD
https://i.redd.it/guul6eld2soy.jpg,#FF6B7B94,#FF6D7D96,#FF807967
https://i.redd.it/h5t3qddvvzry.jpg,#FF0E0E0E,#FF0D0D0D,#FF020202
https://i.redd.it/7ofdqmp53bzy.jpg,#FF97896A,#FF968869,#FF958768
http://i.imgur.com/sXhEQez.jpg,#FFFFFFFF,#FF000000,#FFFEFEFE
https://i.redd.it/cwljeujku33z.jpg,#FFE9E6DF,#FFE4E1DC,#FFE9E4DE
https://i.redd.it/fsuv32a1cc9y.jpg,#FFFFFFFF,#FFFEFEFE,#FFFDFDFD
https://i.redd.it/lsuw4p2ncyny.jpg,#FFFFFFFF,#FFAF7536,#FFFFFFFD
https://i.redd.it/m4cfqp8wfv5z.jpg,#FFDADADC,#FFD0D0D0,#FFD1D1D1
http://i.imgur.com/FApqk3D.jpg,#FFFFFFFF,#FF000000,#FFF3C300
https://i.redd.it/tb5pckm6e72y.jpg,#FFB8B6AA,#FFA1A29D,#FFA0A19C
http://i.imgur.com/TKLs9lo.jpg,#FFFFFFFF,#FFFEFEFE,#FFF7F7F7
https://i.redd.it/fyqzavufvjwy.jpg,#FFDCB083,#FFFEFEFE,#FFDAAE81
http://i.imgur.com/Gh2I3pq.jpg,#FFC7B09E,#FFCEB9A8,#FFCFBAA9
https://i.redd.it/ftd3sx5ah13z.jpg,#FFFDFEFF,#FFB44B2D,#FFB54B31
https://i.redd.it/d8021b5i2moy.jpg,#FFFFFFFF,#FF020305,#FF030406
https://i.redd.it/4m5yk8gjrtzy.jpg,#FF010101,#FF020001,#FF040001
https://i.redd.it/xae65ypfqycy.jpg,#FFF4F4F4,#FFC83A2E,#FFC24541
http://i.imgur.com/lcEUZHv.jpg,#FFFFFFFF,#FFC6BBBF,#FF444A5A
https://i.redd.it/1nlgrn49x7ry.jpg,#FF0F0F0F,#FF101010,#FF14100D
https://i.redd.it/m4cfqp8wfv5z.jpg,#FFDADADC,#FFD0D0D0,#FFD1D1D1
https://i.redd.it/lsuw4p2ncyny.jpg,#FFFFFFFF,#FFAF7536,#FFFFFFFD
http://i.imgur.com/enhDnTM.jpg,#FFFFFFFF,#FF000000,#FFC7E5EF
https://i.redd.it/tb5pckm6e72y.jpg,#FFB8B6AA,#FFA1A29D,#FFA0A19C
http://i.imgur.com/tyDhTll.jpg,#FF070705,#FF050503,#FF060604
http://i.imgur.com/FApqk3D.jpg,#FFFFFFFF,#FF000000,#FFF3C300
http://i.imgur.com/puEqa4C.jpg,#FF908E9C,#FF928FA2,#FF92909E
http://i.imgur.com/TKLs9lo.jpg,#FFFFFFFF,#FFFEFEFE,#FFF7F7F7
https://i.redd.it/fyqzavufvjwy.jpg,#FFDCB083,#FFFEFEFE,#FFDAAE81
https://i.redd.it/ihczg3pmle3z.jpg,#FFB0B9A8,#FFA3AC9B,#FFAFB8A7
http://i.imgur.com/M3NOzLC.jpg,#FFFFFFFF,#FF93907D,#FF928F7C
https://i.redd.it/cpkq97klre4z.jpg,#FF777868,#FF767767,#FFB3B4A4
https://i.redd.it/7ofdqmp53bzy.jpg,#FF97896A,#FF968869,#FF958768
http://i.imgur.com/sXhEQez.jpg,#FFFFFFFF,#FF000000,#FFFEFEFE
https://i.redd.it/w5q6gldnvcuy.jpg,#FFF3F3F3,#FF19161D,#FF18151C
https://i.redd.it/s5viyluv421z.jpg,#FFF5EEDC,#FF7A522F,#FFF6EFDD
https://i.redd.it/cwljeujku33z.jpg,#FFE9E6DF,#FFE4E1DC,#FFE9E4DE
https://i.redd.it/h5t3qddvvzry.jpg,#FF0E0E0E,#FF0D0D0D,#FF020202
http://i.imgur.com/RycdbMO.jpg,#FFF0F7FF,#FFF2F9FF,#FFF1F8FF
https://i.redd.it/fsuv32a1cc9y.jpg,#FFFFFFFF,#FFFEFEFE,#FFFDFDFD
https://i.redd.it/sn7ufk9fsv4z.jpg,#FFCCD1D7,#FFCBD0D6,#FFCACFD5
https://i.redd.it/d8021b5i2moy.jpg,#FFFFFFFF,#FF020305,#FF030406
https://i.redd.it/n9jq5j2tatcy.jpg,#FFF3FFFF,#FFF3FEFF,#FFF4FFFF
https://i.redd.it/4m5yk8gjrtzy.jpg,#FF010101,#FF020001,#FF040001
https://i.redd.it/lsuw4p2ncyny.jpg,#FFFFFFFF,#FFAF7536,#FFFFFFFD
https://i.redd.it/xae65ypfqycy.jpg,#FFF4F4F4,#FFC83A2E,#FFC24541
http://i.imgur.com/FApqk3D.jpg,#FFFFFFFF,#FF000000,#FFF3C300
http://i.imgur.com/lcEUZHv.jpg,#FFFFFFFF,#FFC6BBBF,#FF444A5A
http://i.imgur.com/TKLs9lo.jpg,#FFFFFFFF,#FFFEFEFE,#FFF7F7F7
https://i.redd.it/1nlgrn49x7ry.jpg,#FF0F0F0F,#FF101010,#FF14100D
https://i.redd.it/0qow2dksb34z.jpg,#FFFFFFFF,#FF9FCAEC,#FFFFFFFD
http://i.imgur.com/pt9rmrv.jpg,#FFFFFFFF,#FFFCEBDB,#FFFBEADA
https://i.redd.it/ftd3sx5ah13z.jpg,#FFFDFEFF,#FFB44B2D,#FFB54B31
http://i.imgur.com/6pnYQUv.jpg,#FF191A1E,#FF1A1B1F,#FF18191D
http://i.imgur.com/M3NOzLC.jpg,#FFFFFFFF,#FF93907D,#FF928F7C
https://i.redd.it/w5q6gldnvcuy.jpg,#FFF3F3F3,#FF19161D,#FF18151C
https://i.redd.it/s5viyluv421z.jpg,#FFF5EEDC,#FF7A522F,#FFF6EFDD
https://i.redd.it/h5t3qddvvzry.jpg,#FF0E0E0E,#FF0D0D0D,#FF020202
https://i.imgur.com/HRgRMOw.jpg,#FFA4A3A8,#FF408A59,#FF40895B
https://i.redd.it/rubsfuf64lvy.jpg,#FFBBB4A2,#FFBCB5A3,#FFBAB3A1
https://i.redd.it/nrafqoujmety.jpg,#FF232124,#FF242225,#FF222023
https://i.redd.it/d8021b5i2moy.jpg,#FFFFFFFF,#FF020305,#FF030406
https://i.redd.it/4m5yk8gjrtzy.jpg,#FF010101,#FF020001,#FF040001
https://i.redd.it/ru12lvaf7jyy.jpg,#FF9D9996,#FF9C9895,#FF9E9A97
http://i.imgur.com/enhDnTM.jpg,#FFFFFFFF,#FF000000,#FFC7E5EF
https://i.redd.it/c5pk0vnpg3ty.jpg,#FF6E81CD,#FF6E81CE,#FFFEFEFE
http://i.imgur.com/tyDhTll.jpg,#FF070705,#FF050503,#FF060604
http://i.imgur.com/qvnjbVw.jpg,#FFA9ACB5,#FFA8ABB4,#FFAAADB6
http://i.imgur.com/puEqa4C.jpg,#FF908E9C,#FF928FA2,#FF92909E
https://i.redd.it/ihczg3pmle3z.jpg,#FFB0B9A8,#FFA3AC9B,#FFAFB8A7
https://i.redd.it/ax4eueu0szpy.jpg,#FF22273A,#FFBCBAC8,#FFBCBAC7
https://i.redd.it/cpkq97klre4z.jpg,#FF777868,#FF767767,#FFB3B4A4
https://i.redd.it/xae65ypfqycy.jpg,#FFF4F4F4,#FFC83A2E,#FFC24541
http://i.imgur.com/lcEUZHv.jpg,#FFFFFFFF,#FFC6BBBF,#FF444A5A
https://i.redd.it/1nlgrn49x7ry.jpg,#FF0F0F0F,#FF101010,#FF14100D
https://i.redd.it/guul6eld2soy.jpg,#FF6B7B94,#FF6D7D96,#FF807967
http://i.imgur.com/RycdbMO.jpg,#FFF0F7FF,#FFF2F9FF,#FFF1F8FF
https://i.redd.it/7ofdqmp53bzy.jpg,#FF97896A,#FF968869,#FF958768
http://i.imgur.com/sXhEQez.jpg,#FFFFFFFF,#FF000000,#FFFEFEFE
https://i.redd.it/cwljeujku33z.jpg,#FFE9E6DF,#FFE4E1DC,#FFE9E4DE
https://i.redd.it/fsuv32a1cc9y.jpg,#FFFFFFFF,#FFFEFEFE,#FFFDFDFD
https://i.redd.it/sn7ufk9fsv4z.jpg,#FFCCD1D7,#FFCBD0D6,#FFCACFD5
http://i.imgur.com/M3NOzLC.jpg,#FFFFFFFF,#FF93907D,#FF928F7C
https://i.redd.it/n9jq5j2tatcy.jpg,#FFF3FFFF,#FFF3FEFF,#FFF4FFFF
https://i.redd.it/w5q6gldnvcuy.jpg,#FFF3F3F3,#FF19161D,#FF18151C
https://i.redd.it/ftd3sx5ah13z.jpg,#FFFDFEFF,#FFB44B2D,#FFB54B31
https://i.redd.it/s5viyluv421z.jpg,#FFF5EEDC,#FF7A522F,#FFF6EFDD
https://i.redd.it/h5t3qddvvzry.jpg,#FF0E0E0E,#FF0D0D0D,#FF020202
https://i.redd.it/0qow2dksb34z.jpg,#FFFFFFFF,#FF9FCAEC,#FFFFFFFD
http://i.imgur.com/Gh2I3pq.jpg,#FFC7B09E,#FFCEB9A8,#FFCFBAA9
http://i.imgur.com/pt9rmrv.jpg,#FFFFFFFF,#FFFCEBDB,#FFFBEADA
http://i.imgur.com/6pnYQUv.jpg,#FF191A1E,#FF1A1B1F,#FF18191D
https://i.imgur.com/HRgRMOw.jpg,#FFA4A3A8,#FF408A59,#FF40895B
https://i.redd.it/rubsfuf64lvy.jpg,#FFBBB4A2,#FFBCB5A3,#FFBAB3A1
https://i.redd.it/nrafqoujmety.jpg,#FF232124,#FF242225,#FF222023
https://i.redd.it/7ofdqmp53bzy.jpg,#FF97896A,#FF968869,#FF958768
http://i.imgur.com/sXhEQez.jpg,#FFFFFFFF,#FF000000,#FFFEFEFE
https://i.redd.it/ru12lvaf7jyy.jpg,#FF9D9996,#FF9C9895,#FF9E9A97
https://i.redd.it/ftd3sx5ah13z.jpg,#FFFDFEFF,#FFB44B2D,#FFB54B31
https://i.redd.it/c5pk0vnpg3ty.jpg,#FF6E81CD,#FF6E81CE,#FFFEFEFE
http://i.imgur.com/qvnjbVw.jpg,#FFA9ACB5,#FFA8ABB4,#FFAAADB6
https://i.redd.it/cwljeujku33z.jpg,#FFE9E6DF,#FFE4E1DC,#FFE9E4DE
https://i.redd.it/fsuv32a1cc9y.jpg,#FFFFFFFF,#FFFEFEFE,#FFFDFDFD
https://i.redd.it/ax4eueu0szpy.jpg,#FF22273A,#FFBCBAC8,#FFBCBAC7
https://i.redd.it/m4cfqp8wfv5z.jpg,#FFDADADC,#FFD0D0D0,#FFD1D1D1
http://i.imgur.com/enhDnTM.jpg,#FFFFFFFF,#FF000000,#FFC7E5EF
https://i.redd.it/tb5pckm6e72y.jpg,#FFB8B6AA,#FFA1A29D,#FFA0A19C
https://i.redd.it/guul6eld2soy.jpg,#FF6B7B94,#FF6D7D96,#FF807967
http://i.imgur.com/tyDhTll.jpg,#FF070705,#FF050503,#FF060604
http://i.imgur.com/puEqa4C.jpg,#FF908E9C,#FF928FA2,#FF92909E
https://i.redd.it/fyqzavufvjwy.jpg,#FFDCB083,#FFFEFEFE,#FFDAAE81
https://i.redd.it/ihczg3pmle3z.jpg,#FFB0B9A8,#FFA3AC9B,#FFAFB8A7
https://i.redd.it/cpkq97klre4z.jpg,#FF777868,#FF767767,#FFB3B4A4
http://i.imgur.com/RycdbMO.jpg,#FFF0F7FF,#FFF2F9FF,#FFF1F8FF
https://i.redd.it/sn7ufk9fsv4z.jpg,#FFCCD1D7,#FFCBD0D6,#FFCACFD5
https://i.redd.it/7ofdqmp53bzy.jpg,#FF97896A,#FF968869,#FF958768
http://i.imgur.com/sXhEQez.jpg,#FFFFFFFF,#FF000000,#FFFEFEFE
https://i.redd.it/n9jq5j2tatcy.jpg,#FFF3FFFF,#FFF3FEFF,#FFF4FFFF
https://i.redd.it/cwljeujku33z.jpg,#FFE9E6DF,#FFE4E1DC,#FFE9E4DE
http://i.imgur.com/Gh2I3pq.jpg,#FFC7B09E,#FFCEB9A8,#FFCFBAA9
https://i.redd.it/fsuv32a1cc9y.jpg,#FFFFFFFF,#FFFEFEFE,#FFFDFDFD
https://i.redd.it/lsuw4p2ncyny.jpg,#FFFFFFFF,#FFAF7536,#FFFFFFFD
https://i.redd.it/0qow2dksb34z.jpg,#FFFFFFFF,#FF9FCAEC,#FFFFFFFD
http://i.imgur.com/FApqk3D.jpg,#FFFFFFFF,#FF000000,#FFF3C300
http://i.imgur.com/TKLs9lo.jpg,#FFFFFFFF,#FFFEFEFE,#FFF7F7F7
http://i.imgur.com/pt9rmrv.jpg,#FFFFFFFF,#FFFCEBDB,#FFFBEADA
http://i.imgur.com/6pnYQUv.jpg,#FF191A1E,#FF1A1B1F,#FF18191D
http://i.imgur.com/enhDnTM.jpg,#FFFFFFFF,#FF000000,#FFC7E5EF
http://i.imgur.com/tyDhTll.jpg,#FF070705,#FF050503,#FF060604
http://i.imgur.com/puEqa4C.jpg,#FF908E9C,#FF928FA2,#FF92909E
https://i.redd.it/ihczg3pmle3z.jpg,#FFB0B9A8,#FFA3AC9B,#FFAFB8A7
https://i.redd.it/cpkq97klre4z.jpg,#FF777868,#FF767767,#FFB3B4A4
https://i.redd.it/m4cfqp8wfv5z.jpg,#FFDADADC,#FFD0D0D0,#FFD1D1D1
https://i.imgur.com/HRgRMOw.jpg,#FFA4A3A8,#FF408A59,#FF40895B
http://i.imgur.com/RycdbMO.jpg,#FFF0F7FF,#FFF2F9FF,#FFF1F8FF
https://i.redd.it/tb5pckm6e72y.jpg,#FFB8B6AA,#FFA1A29D,#FFA0A19C
https://i.redd.it/rubsfuf64lvy.jpg,#FFBBB4A2,#FFBCB5A3,#FFBAB3A1
https://i.redd.it/fyqzavufvjwy.jpg,#FFDCB083,#FFFEFEFE,#FFDAAE81
https://i.redd.it/nrafqoujmety.jpg,#FF232124,#FF242225,#FF222023
https://i.redd.it/sn7ufk9fsv4z.jpg,#FFCCD1D7,#FFCBD0D6,#FFCACFD5
https://i.redd.it/d8021b5i2moy.jpg,#FFFFFFFF,#FF020305,#FF030406
https://i.redd.it/ru12lvaf7jyy.jpg,#FF9D9996,#FF9C9895,#FF9E9A97
https://i.redd.it/4m5yk8gjrtzy.jpg,#FF010101,#FF020001,#FF040001
https://i.redd.it/c5pk0vnpg3ty.jpg,#FF6E81CD,#FF6E81CE,#FFFEFEFE
http://i.imgur.com/qvnjbVw.jpg,#FFA9ACB5,#FFA8ABB4,#FFAAADB6
https://i.redd.it/n9jq5j2tatcy.jpg,#FFF3FFFF,#FFF3FEFF,#FFF4FFFF
https://i.redd.it/ax4eueu0szpy.jpg,#FF22273A,#FFBCBAC8,#FFBCBAC7
https://i.redd.it/xae65ypfqycy.jpg,#FFF4F4F4,#FFC83A2E,#FFC24541
http://i.imgur.com/lcEUZHv.jpg,#FFFFFFFF,#FFC6BBBF,#FF444A5A
https://i.redd.it/1nlgrn49x7ry.jpg,#FF0F0F0F,#FF101010,#FF14100D
https://i.redd.it/guul6eld2soy.jpg,#FF6B7B94,#FF6D7D96,#FF807967
http://i.imgur.com/enhDnTM.jpg,#FFFFFFFF,#FF000000,#FFC7E5EF
http://i.imgur.com/tyDhTll.jpg,#FF070705,#FF050503,#FF060604
https://i.redd.it/0qow2dksb34z.jpg,#FFFFFFFF,#FF9FCAEC,#FFFFFFFD
http://i.imgur.com/puEqa4C.jpg,#FF908E9C,#FF928FA2,#FF92909E
https://i.redd.it/ihczg3pmle3z.jpg,#FFB0B9A8,#FFA3AC9B,#FFAFB8A7
http://i.imgur.com/M3NOzLC.jpg,#FFFFFFFF,#FF93907D,#FF928F7C
http://i.imgur.com/pt9rmrv.jpg,#FFFFFFFF,#FFFCEBDB,#FFFBEADA
https://i.redd.it/cpkq97klre4z.jpg,#FF777868,#FF767767,#FFB3B4A4
https://i.redd.it/w5q6gldnvcuy.jpg,#FFF3F3F3,#FF19161D,#FF18151C
https://i.redd.it/s5viyluv421z.jpg,#FFF5EEDC,#FF7A522F,#FFF6EFDD
http://i.imgur.com/6pnYQUv.jpg,#FF191A1E,#FF1A1B1F,#FF18191D
http://i.imgur.com/RycdbMO.jpg,#FFF0F7FF,#FFF2F9FF,#FFF1F8FF
https://i.redd.it/h5t3qddvvzry.jpg,#FF0E0E0E,#FF0D0D0D,#FF020202
https://i.redd.it/lsuw4p2ncyny.jpg,#FFFFFFFF,#FFAF7536,#FFFFFFFD
http://i.imgur.com/FApqk3D.jpg,#FFFFFFFF,#FF000000,#FFF3C300
https://i.imgur.com/HRgRMOw.jpg,#FFA4A3A8,#FF408A59,#FF40895B
https://i.redd.it/sn7ufk9fsv4z.jpg,#FFCCD1D7,#FFCBD0D6,#FFCACFD5
http://i.imgur.com/TKLs9lo.jpg,#FFFFFFFF,#FFFEFEFE,#FFF7F7F7
https://i.redd.it/rubsfuf64lvy.jpg,#FFBBB4A2,#FFBCB5A3,#FFBAB3A1
http://i.imgur.com/Gh2I3pq.jpg,#FFC7B09E,#FFCEB9A8,#FFCFBAA9
https://i.redd.it/n9jq5j2tatcy.jpg,#FFF3FFFF,#FFF3FEFF,#FFF4FFFF
https://i.redd.it/nrafqoujmety.jpg,#FF232124,#FF242225,#FF222023
https://i.redd.it/ru12lvaf7jyy.jpg,#FF9D9996,#FF9C9895,#FF9E9A97
https://i.redd.it/c5pk0vnpg3ty.jpg,#FF6E81CD,#FF6E81CE,#FFFEFEFE
http://i.imgur.com/qvnjbVw.jpg,#FFA9ACB5,#FFA8ABB4,#FFAAADB6
https://i.redd.it/ax4eueu0szpy.jpg,#FF22273A,#FFBCBAC8,#FFBCBAC7
https://i.redd.it/0qow2dksb34z.jpg,#FFFFFFFF,#FF9FCAEC,#FFFFFFFD
https://i.redd.it/guul6eld2soy.jpg,#FF6B7B94,#FF6D7D96,#FF807967
http://i.imgur.com/pt9rmrv.jpg,#FFFFFFFF,#FFFCEBDB,#FFFBEADA
http://i.imgur.com/6pnYQUv.jpg,#FF191A1E,#FF1A1B1F,#FF18191D
https://i.redd.it/d8021b5i2moy.jpg,#FFFFFFFF,#FF020305,#FF030406
https://i.redd.it/ftd3sx5ah13z.jpg,#FFFDFEFF,#FFB44B2D,#FFB54B31
https://i.redd.it/4m5yk8gjrtzy.jpg,#FF010101,#FF020001,#FF040001
https://i.redd.it/m4cfqp8wfv5z.jpg,#FFDADADC,#FFD0D0D0,#FFD1D1D1
https://i.redd.it/tb5pckm6e72y.jpg,#FFB8B6AA,#FFA1A29D,#FFA0A19C
https://i.imgur.com/HRgRMOw.jpg,#FFA4A3A8,#FF408A59,#FF40895B
https://i.redd.it/fyqzavufvjwy.jpg,#FFDCB083,#FFFEFEFE,#FFDAAE81
https://i.redd.it/xae65ypfqycy.jpg,#FFF4F4F4,#FFC83A2E,#FFC24541
https://i.redd.it/rubsfuf64lvy.jpg,#FFBBB4A2,#FFBCB5A3,#FFBAB3A1
http://i.imgur.com/lcEUZHv.jpg,#FFFFFFFF,#FFC6BBBF,#FF444A5A
https://i.redd.it/1nlgrn49x7ry.jpg,#FF0F0F0F,#FF101010,#FF14100D
https://i.redd.it/nrafqoujmety.jpg,#FF232124,#FF242225,#FF222023
https://i.redd.it/ru12lvaf7jyy.jpg,#FF9D9996,#FF9C9895,#FF9E9A97
https://i.redd.it/c5pk0vnpg3ty.jpg,#FF6E81CD,#FF6E81CE,#FFFEFEFE
http://i.imgur.com/qvnjbVw.jpg,#FFA9ACB5,#FFA8ABB4,#FFAAADB6
https://i.redd.it/ax4eueu0szpy.jpg,#FF22273A,#FFBCBAC8,#FFBCBAC7
http://i.imgur.com/Gh2I3pq.jpg,#FFC7B09E,#FFCEB9A8,#FFCFBAA9
http://i.imgur.com/M3NOzLC.jpg,#FFFFFFFF,#FF93907D,#FF928F7C
https://i.redd.it/guul6eld2soy.jpg,#FF6B7B94,#FF6D7D96,#FF807967
https://i.redd.it/w5q6gldnvcuy.jpg,#FFF3F3F3,#FF19161D,#FF18151C
https://i.redd.it/s5viyluv421z.jpg,#FFF5EEDC,#FF7A522F,#FFF6EFDD
https://i.redd.it/h5t3qddvvzry.jpg,#FF0E0E0E,#FF0D0D0D,#FF020202
https://i.redd.it/7ofdqmp53bzy.jpg,#FF97896A,#FF968869,#FF958768
http://i.imgur.com/sXhEQez.jpg,#FFFFFFFF,#FF000000,#FFFEFEFE
https://i.redd.it/lsuw4p2ncyny.jpg,#FFFFFFFF,#FFAF7536,#FFFFFFFD
https://i.redd.it/cwljeujku33z.jpg,#FFE9E6DF,#FFE4E1DC,#FFE9E4DE
http://i.imgur.com/FApqk3D.jpg,#FFFFFFFF,#FF000000,#FFF3C300
https://i.redd.it/fsuv32a1cc9y.jpg,#FFFFFFFF,#FFFEFEFE,#FFFDFDFD
http://i.imgur.com/TKLs9lo.jpg,#FFFFFFFF,#FFFEFEFE,#FFF7F7F7
https://i.redd.it/m4cfqp8wfv5z.jpg,#FFDADADC,#FFD0D0D0,#FFD1D1D1
https://i.redd.it/tb5pckm6e72y.jpg,#FFB8B6AA,#FFA1A29D,#FFA0A19C
https://i.redd.it/fyqzavufvjwy.jpg,#FFDCB083,#FFFEFEFE,#FFDAAE81
http://i.imgur.com/Gh2I3pq.jpg,#FFC7B09E,#FFCEB9A8,#FFCFBAA9
https://i.redd.it/ftd3sx5ah13z.jpg,#FFFDFEFF,#FFB44B2D,#FFB54B31
https://i.redd.it/d8021b5i2moy.jpg,#FFFFFFFF,#FF020305,#FF030406
https://i.redd.it/4m5yk8gjrtzy.jpg,#FF010101,#FF020001,#FF040001
https://i.redd.it/xae65ypfqycy.jpg,#FFF4F4F4,#FFC83A2E,#FFC24541
http://i.imgur.com/lcEUZHv.jpg,#FFFFFFFF,#FFC6BBBF,#FF444A5A
https://i.redd.it/1nlgrn49x7ry.jpg,#FF0F0F0F,#FF101010,#FF14100D
https://i.redd.it/m4cfqp8wfv5z.jpg,#FFDADADC,#FFD0D0D0,#FFD1D1D1
https://i.redd.it/lsuw4p2ncyny.jpg,#FFFFFFFF,#FFAF7536,#FFFFFFFD
https://i.redd.it/tb5pckm6e72y.jpg,#FFB8B6AA,#FFA1A29D,#FFA0A19C
http://i.imgur.com/FApqk3D.jpg,#FFFFFFFF,#FF000000,#FFF3C300
http://i.imgur.com/TKLs9lo.jpg,#FFFFFFFF,#FFFEFEFE,#FFF7F7F7
https://i.redd.it/fyqzavufvjwy.jpg,#FFDCB083,#FFFEFEFE,#FFDAAE81
http://i.imgur.com/M3NOzLC.jpg,#FFFFFFFF,#FF93907D,#FF928F7C
https://i.redd.it/w5q6gldnvcuy.jpg,#FFF3F3F3,#FF19161D,#FF18151C
https://i.redd.it/s5viyluv421z.jpg,#FFF5EEDC,#FF7A522F,#FFF6EFDD
http://i.imgur.com/enhDnTM.jpg,#FFFFFFFF,#FF000000,#FFC7E5EF
http://i.imgur.com/tyDhTll.jpg,#FF070705,#FF050503,#FF060604
https://i.redd.it/h5t3qddvvzry.jpg,#FF0E0E0E,#FF0D0D0D,#FF020202
http://i.imgur.com/puEqa4C.jpg,#FF908E9C,#FF928FA2,#FF92909E
https://i.redd.it/7ofdqmp53bzy.jpg,#FF97896A,#FF968869,#FF958768
http://i.imgur.com/sXhEQez.jpg,#FFFFFFFF,#FF000000,#FFFEFEFE
https://i.redd.it/ihczg3pmle3z.jpg,#FFB0B9A8,#FFA3AC9B,#FFAFB8A7
https://i.redd.it/cpkq97klre4z.jpg,#FF777868,#FF767767,#FFB3B4A4
https://i.redd.it/cwljeujku33z.jpg,#FFE9E6DF,#FFE4E1DC,#FFE9E4DE
https://i.redd.it/fsuv32a1cc9y.jpg,#FFFFFFFF,#FFFEFEFE,#FFFDFDFD
http://i.imgur.com/RycdbMO.jpg,#FFF0F7FF,#FFF2F9FF,#FFF1F8FF
https://i.redd.it/d8021b5i2moy.jpg,#FFFFFFFF,#FF020305,#FF030406
https://i.redd.it/4m5yk8gjrtzy.jpg,#FF010101,#FF020001,#FF040001
https://i.redd.it/sn7ufk9fsv4z.jpg,#FFCCD1D7,#FFCBD0D6,#FFCACFD5
https://i.redd.it/xae65ypfqycy.jpg,#FFF4F4F4,#FFC83A2E,#FFC24541
https://i.redd.it/n9jq5j2tatcy.jpg,#FFF3FFFF,#FFF3FEFF,#FFF4FFFF
http://i.imgur.com/lcEUZHv.jpg,#FFFFFFFF,#FFC6BBBF,#FF444A5A
https://i.redd.it/1nlgrn49x7ry.jpg,#FF0F0F0F,#FF101010,#FF14100D
https://i.redd.it/lsuw4p2ncyny.jpg,#FFFFFFFF,#FFAF7536,#FFFFFFFD
http://i.imgur.com/FApqk3D.jpg,#FFFFFFFF,#FF000000,#FFF3C300
http://i.imgur.com/TKLs9lo.jpg,#FFFFFFFF,#FFFEFEFE,#FFF7F7F7
https://i.redd.it/0qow2dksb34z.jpg,#FFFFFFFF,#FF9FCAEC,#FFFFFFFD
https://i.redd.it/ftd3sx5ah13z.jpg,#FFFDFEFF,#FFB44B2D,#FFB54B31
http://i.imgur.com/M3NOzLC.jpg,#FFFFFFFF,#FF93907D,#FF928F7C
http://i.imgur.com/pt9rmrv.jpg,#FFFFFFFF,#FFFCEBDB,#FFFBEADA
http://i.imgur.com/6pnYQUv.jpg,#FF191A1E,#FF1A1B1F,#FF18191D
https://i.redd.it/w5q6gldnvcuy.jpg,#FFF3F3F3,#FF19161D,#FF18151C
https://i.redd.it/s5viyluv421z.jpg,#FFF5EEDC,#FF7A522F,#FFF6EFDD
https://i.redd.it/h5t3qddvvzry.jpg,#FF0E0E0E,#FF0D0D0D,#FF020202
https://i.imgur.com/HRgRMOw.jpg,#FFA4A3A8,#FF408A59,#FF40895B
https://i.redd.it/rubsfuf64lvy.jpg,#FFBBB4A2,#FFBCB5A3,#FFBAB3A1
https://i.redd.it/d8021b5i2moy.jpg,#FFFFFFFF,#FF020305,#FF030406
https://i.redd.it/4m5yk8gjrtzy.jpg,#FF010101,#FF020001,#FF040001
https://i.redd.it/nrafqoujmety.jpg,#FF232124,#FF242225,#FF222023
https://i.redd.it/ru12lvaf7jyy.jpg,#FF9D9996,#FF9C9895,#FF9E9A97
https://i.redd.it/c5pk0vnpg3ty.jpg,#FF6E81CD,#FF6E81CE,#FFFEFEFE
http://i.imgur.com/qvnjbVw.jpg,#FFA9ACB5,#FFA8ABB4,#FFAAADB6
http://i.imgur.com/enhDnTM.jpg,#FFFFFFFF,#FF000000,#FFC7E5EF
https://i.redd.it/xae65ypfqycy.jpg,#FFF4F4F4,#FFC83A2E,#FFC24541
https://i.redd.it/ax4eueu0szpy.jpg,#FF22273A,#FFBCBAC8,#FFBCBAC7
http://i.imgur.com/tyDhTll.jpg,#FF070705,#FF050503,#FF060604
http://i.imgur.com/puEqa4C.jpg,#FF908E9C,#FF928FA2,#FF92909E
http://i.imgur.com/lcEUZHv.jpg,#FFFFFFFF,#FFC6BBBF,#FF444A5A
https://i.redd.it/ihczg3pmle3z.jpg,#FFB0B9A8,#FFA3AC9B,#FFAFB8A7
https://i.redd.it/1nlgrn49x7ry.jpg,#FF0F0F0F,#FF101010,#FF14100D
https://i.redd.it/cpkq97klre4z.jpg,#FF777868,#FF767767,#FFB3B4A4
https://i.redd.it/7ofdqmp53bzy.jpg,#FF97896A,#FF968869,#FF958768
http://i.imgur.com/sXhEQez.jpg,#FFFFFFFF,#FF000000,#FFFEFEFE
https://i.redd.it/guul6eld2soy.jpg,#FF6B7B94,#FF6D7D96,#FF807967
http://i.imgur.com/RycdbMO.jpg,#FFF0F7FF,#FFF2F9FF,#FFF1F8FF
https://i.redd.it/cwljeujku33z.jpg,#FFE9E6DF,#FFE4E1DC,#FFE9E4DE
https://i.redd.it/fsuv32a1cc9y.jpg,#FFFFFFFF,#FFFEFEFE,#FFFDFDFD
http://i.imgur.com/M3NOzLC.jpg,#FFFFFFFF,#FF93907D,#FF928F7C
https://i.redd.it/sn7ufk9fsv4z.jpg,#FFCCD1D7,#FFCBD0D6,#FFCACFD5
https://i.redd.it/w5q6gldnvcuy.jpg,#FFF3F3F3,#FF19161D,#FF18151C
https://i.redd.it/s5viyluv421z.jpg,#FFF5EEDC,#FF7A522F,#FFF6EFDD
https://i.redd.it/ftd3sx5ah13z.jpg,#FFFDFEFF,#FFB44B2D,#FFB54B31
https://i.redd.it/h5t3qddvvzry.jpg,#FF0E0E0E,#FF0D0D0D,#FF020202
https://i.redd.it/n9jq5j2tatcy.jpg,#FFF3FFFF,#FFF3FEFF,#FFF4FFFF
http://i.imgur.com/Gh2I3pq.jpg,#FFC7B09E,#FFCEB9A8,#FFCFBAA9
https://i.redd.it/0qow2dksb34z.jpg,#FFFFFFFF,#FF9FCAEC,#FFFFFFFD
http://i.imgur.com/pt9rmrv.jpg,#FFFFFFFF,#FFFCEBDB,#FFFBEADA
http://i.imgur.com/6pnYQUv.jpg,#FF191A1E,#FF1A1B1F,#FF18191D
https://i.redd.it/7ofdqmp53bzy.jpg,#FF97896A,#FF968869,#FF958768
http://i.imgur.com/sXhEQez.jpg,#FFFFFFFF,#FF000000,#FFFEFEFE
https://i.imgur.com/HRgRMOw.jpg,#FFA4A3A8,#FF408A59,#FF40895B
https://i.redd.it/rubsfuf64lvy.jpg,#FFBBB4A2,#FFBCB5A3,#FFBAB3A1
https://i.redd.it/cwljeujku33z.jpg,#FFE9E6DF,#FFE4E1DC,#FFE9E4DE
https://i.redd.it/ftd3sx5ah13z.jpg,#FFFDFEFF,#FFB44B2D,#FFB54B31
https://i.redd.it/fsuv32a1cc9y.jpg,#FFFFFFFF,#FFFEFEFE,#FFFDFDFD
https://i.redd.it/nrafqoujmety.jpg,#FF232124,#FF242225,#FF222023
https://i.redd.it/m4cfqp8wfv5z.jpg,#FFDADADC,#FFD0D0D0,#FFD1D1D1
https://i.redd.it/ru12lvaf7jyy.jpg,#FF9D9996,#FF9C9895,#FF9E9A97
http://i.imgur.com/enhDnTM.jpg,#FFFFFFFF,#FF000000,#FFC7E5EF
https://i.redd.it/c5pk0vnpg3ty.jpg,#FF6E81CD,#FF6E81CE,#FFFEFEFE
https://i.redd.it/tb5pckm6e72y.jpg,#FFB8B6AA,#FFA1A29D,#FFA0A19C
http://i.imgur.com/tyDhTll.jpg,#FF070705,#FF050503,#FF060604
http://i.imgur.com/qvnjbVw.jpg,#FFA9ACB5,#FFA8ABB4,#FFAAADB6
http://i.imgur.com/puEqa4C.jpg,#FF908E9C,#FF928FA2,#FF92909E
https://i.redd.it/fyqzavufvjwy.jpg,#FFDCB083,#FFFEFEFE,#FFDAAE81
https://i.redd.it/ihczg3pmle3z.jpg,#FFB0B9A8,#FFA3AC9B,#FFAFB8A7
https://i.redd.it/ax4eueu0szpy.jpg,#FF22273A,#FFBCBAC8,#FFBCBAC7
https://i.redd.it/cpkq97klre4z.jpg,#FF777868,#FF767767,#FFB3B4A4
https://i.redd.it/guul6eld2soy.jpg,#FF6B7B94,#FF6D7D96,#FF807967
http://i.imgur.com/RycdbMO.jpg,#FFF0F7FF,#FFF2F9FF,#FFF1F8FF
https://i.redd.it/sn7ufk9fsv4z.jpg,#FFCCD1D7,#FFCBD0D6,#FFCACFD5
https://i.redd.it/7ofdqmp53bzy.jpg,#FF97896A,#FF968869,#FF958768
https://i.redd.it/n9jq5j2tatcy.jpg,#FFF3FFFF,#FFF3FEFF,#FFF4FFFF
http://i.imgur.com/sXhEQez.jpg,#FFFFFFFF,#FF000000,#FFFEFEFE
https://i.redd.it/cwljeujku33z.jpg,#FFE9E6DF,#FFE4E1DC,#FFE9E4DE
https://i.redd.it/fsuv32a1cc9y.jpg,#FFFFFFFF,#FFFEFEFE,#FFFDFDFD
https://i.redd.it/0qow2dksb34z.jpg,#FFFFFFFF,#FF9FCAEC,#FFFFFFFD
https://i.redd.it/lsuw4p2ncyny.jpg,#FFFFFFFF,#FFAF7536,#FFFFFFFD
http://i.imgur.com/pt9rmrv.jpg,#FFFFFFFF,#FFFCEBDB,#FFFBEADA
http://i.imgur.com/Gh2I3pq.jpg,#FFC7B09E,#FFCEB9A8,#FFCFBAA9
http://i.imgur.com/FApqk3D.jpg,#FFFFFFFF,#FF000000,#FFF3C300
http://i.imgur.com/TKLs9lo.jpg,#FFFFFFFF,#FFFEFEFE,#FFF7F7F7
http://i.imgur.com/6pnYQUv.jpg,#FF191A1E,#FF1A1B1F,#FF18191D
http://i.imgur.com/enhDnTM.jpg,#FFFFFFFF,#FF000000,#FFC7E5EF
http://i.imgur.com/tyDhTll.jpg,#FF070705,#FF050503,#FF060604
http://i.imgur.com/puEqa4C.jpg,#FF908E9C,#FF928FA2,#FF92909E
https://i.imgur.com/HRgRMOw.jpg,#FFA4A3A8,#FF408A59,#FF40895B
https://i.redd.it/ihczg3pmle3z.jpg,#FFB0B9A8,#FFA3AC9B,#FFAFB8A7
https://i.redd.it/cpkq97klre4z.jpg,#FF777868,#FF767767,#FFB3B4A4
https://i.redd.it/rubsfuf64lvy.jpg,#FFBBB4A2,#FFBCB5A3,#FFBAB3A1
https://i.redd.it/nrafqoujmety.jpg,#FF232124,#FF242225,#FF222023
http://i.imgur.com/RycdbMO.jpg,#FFF0F7FF,#FFF2F9FF,#FFF1F8FF
https://i.redd.it/ru12lvaf7jyy.jpg,#FF9D9996,#FF9C9895,#FF9E9A97
https://i.redd.it/c5pk0vnpg3ty.jpg,#FF6E81CD,#FF6E81CE,#FFFEFEFE
http://i.imgur.com/qvnjbVw.jpg,#FFA9ACB5,#FFA8ABB4,#FFAAADB6
https://i.redd.it/d8021b5i2moy.jpg,#FFFFFFFF,#FF020305,#FF030406
https://i.redd.it/ax4eueu0szpy.jpg,#FF22273A,#FFBCBAC8,#FFBCBAC7
https://i.redd.it/4m5yk8gjrtzy.jpg,#FF010101,#FF020001,#FF040001
https://i.redd.it/sn7ufk9fsv4z.jpg,#FFCCD1D7,#FFCBD0D6,#FFCACFD5
https://i.redd.it/m4cfqp8wfv5z.jpg,#FFDADADC,#FFD0D0D0,#FFD1D1D1
https://i.redd.it/tb5pckm6e72y.jpg,#FFB8B6AA,#FFA1A29D,#FFA0A19C
https://i.redd.it/n9jq5j2tatcy.jpg,#FFF3FFFF,#FFF3FEFF,#FFF4FFFF
https://i.redd.it/xae65ypfqycy.jpg,#FFF4F4F4,#FFC83A2E,#FFC24541
https://i.redd.it/guul6eld2soy.jpg,#FF6B7B94,#FF6D7D96,#FF807967
https://i.redd.it/fyqzavufvjwy.jpg,#FFDCB083,#FFFEFEFE,#FFDAAE81
http://i.imgur.com/lcEUZHv.jpg,#FFFFFFFF,#FFC6BBBF,#FF444A5A
https://i.redd.it/1nlgrn49x7ry.jpg,#FF0F0F0F,#FF101010,#FF14100D
http://i.imgur.com/enhDnTM.jpg,#FFFFFFFF,#FF000000,#FFC7E5EF
https://i.redd.it/0qow2dksb34z.jpg,#FFFFFFFF,#FF9FCAEC,#FFFFFFFD
http://i.imgur.com/tyDhTll.jpg,#FF070705,#FF050503,#FF060604
http://i.imgur.com/puEqa4C.jpg,#FF908E9C,#FF928FA2,#FF92909E
https://i.redd.it/ihczg3pmle3z.jpg,#FFB0B9A8,#FFA3AC9B,#FFAFB8A7
https://i.redd.it/cpkq97klre4z.jpg,#FF777868,#FF767767,#FFB3B4A4
http://i.imgur.com/pt9rmrv.jpg,#FFFFFFFF,#FFFCEBDB,#FFFBEADA
http://i.imgur.com/M3NOzLC.jpg,#FFFFFFFF,#FF93907D,#FF928F7C
http://i.imgur.com/6pnYQUv.jpg,#FF191A1E,#FF1A1B1F,#FF18191D
https://i.redd.it/w5q6gldnvcuy.jpg,#FFF3F3F3,#FF19161D,#FF18151C
https://i.redd.it/s5viyluv421z.jpg,#FFF5EEDC,#FF7A522F,#FFF6EFDD
http://i.imgur.com/RycdbMO.jpg,#FFF0F7FF,#FFF2F9FF,#FFF1F8FF
https://i.redd.it/h5t3qddvvzry.jpg,#FF0E0E0E,#FF0D0D0D,#FF020202
https://i.imgur.com/HRgRMOw.jpg,#FFA4A3A8,#FF408A59,#FF40895B
https://i.redd.it/rubsfuf64lvy.jpg,#FFBBB4A2,#FFBCB5A3,#FFBAB3A1
http://i.imgur.com/Gh2I3pq.jpg,#FFC7B09E,#FFCEB9A8,#FFCFBAA9
https://i.redd.it/sn7ufk9fsv4z.jpg,#FFCCD1D7,#FFCBD0D6,#FFCACFD5
https://i.redd.it/nrafqoujmety.jpg,#FF232124,#FF242225,#FF222023
https://i.redd.it/ru12lvaf7jyy.jpg,#FF9D9996,#FF9C9895,#FF9E9A97
https://i.redd.it/c5pk0vnpg3ty.jpg,#FF6E81CD,#FF6E81CE,#FFFEFEFE
http://i.imgur.com/qvnjbVw.jpg,#FFA9ACB5,#FFA8ABB4,#FFAAADB6
https://i.redd.it/n9jq5j2tatcy.jpg,#FFF3FFFF,#FFF3FEFF,#FFF4FFFF
https://i.redd.it/lsuw4p2ncyny.jpg,#FFFFFFFF,#FFAF7536,#FFFFFFFD
https://i.redd.it/ax4eueu0szpy.jpg,#FF22273A,#FFBCBAC8,#FFBCBAC7
http://i.imgur.com/FApqk3D.jpg,#FFFFFFFF,#FF000000,#FFF3C300
http://i.imgur.com/TKLs9lo.jpg,#FFFFFFFF,#FFFEFEFE,#FFF7F7F7
https://i.redd.it/guul6eld2soy.jpg,#FF6B7B94,#FF6D7D96,#FF807967
https://i.redd.it/0qow2dksb34z.jpg,#FFFFFFFF,#FF9FCAEC,#FFFFFFFD
http://i.imgur.com/pt9rmrv.jpg,#FFFFFFFF,#FFFCEBDB,#FFFBEADA
https://i.redd.it/ftd3sx5ah13z.jpg,#FFFDFEFF,#FFB44B2D,#FFB54B31
https://i.redd.it/m4cfqp8wfv5z.jpg,#FFDADADC,#FFD0D0D0,#FFD1D1D1
http://i.imgur.com/6pnYQUv.jpg,#FF191A1E,#FF1A1B1F,#FF18191D
https://i.redd.it/tb5pckm6e72y.jpg,#FFB8B6AA,#FFA1A29D,#FFA0A19C
https://i.redd.it/fyqzavufvjwy.jpg,#FFDCB083,#FFFEFEFE,#FFDAAE81
https://i.imgur.com/HRgRMOw.jpg,#FFA4A3A8,#FF408A59,#FF40895B
https://i.redd.it/d8021b5i2moy.jpg,#FFFFFFFF,#FF020305,#FF030406
https://i.redd.it/4m5yk8gjrtzy.jpg,#FF010101,#FF020001,#FF040001
https://i.redd.it/rubsfuf64lvy.jpg,#FFBBB4A2,#FFBCB5A3,#FFBAB3A1
https://i.redd.it/nrafqoujmety.jpg,#FF232124,#FF242225,#FF222023
https://i.redd.it/xae65ypfqycy.jpg,#FFF4F4F4,#FFC83A2E,#FFC24541
https://i.redd.it/ru12lvaf7jyy.jpg,#FF9D9996,#FF9C9895,#FF9E9A97
https://i.redd.it/c5pk0vnpg3ty.jpg,#FF6E81CD,#FF6E81CE,#FFFEFEFE
http://i.imgur.com/lcEUZHv.jpg,#FFFFFFFF,#FFC6BBBF,#FF444A5A
http://i.imgur.com/qvnjbVw.jpg,#FFA9ACB5,#FFA8ABB4,#FFAAADB6
https://i.redd.it/1nlgrn49x7ry.jpg,#FF0F0F0F,#FF101010,#FF14100D
https://i.redd.it/ax4eueu0szpy.jpg,#FF22273A,#FFBCBAC8,#FFBCBAC7
https://i.redd.it/guul6eld2soy.jpg,#FF6B7B94,#FF6D7D96,#FF807967
http://i.imgur.com/M3NOzLC.jpg,#FFFFFFFF,#FF93907D,#FF928F7C
https://i.redd.it/7ofdqmp53bzy.jpg,#FF97896A,#FF968869,#FF958768
http://i.imgur.com/sXhEQez.jpg,#FFFFFFFF,#FF000000,#FFFEFEFE
https://i.redd.it/w5q6gldnvcuy.jpg,#FFF3F3F3,#FF19161D,#FF18151C
https://i.redd.it/s5viyluv421z.jpg,#FFF5EEDC,#FF7A522F,#FFF6EFDD
https://i.redd.it/lsuw4p2ncyny.jpg,#FFFFFFFF,#FFAF7536,#FFFFFFFD
https://i.redd.it/cwljeujku33z.jpg,#FFE9E6DF,#FFE4E1DC,#FFE9E4DE
https://i.redd.it/h5t3qddvvzry.jpg,#FF0E0E0E,#FF0D0D0D,#FF020202
https://i.redd.it/fsuv32a1cc9y.jpg,#FFFFFFFF,#FFFEFEFE,#FFFDFDFD
http://i.imgur.com/Gh2I3pq.jpg,#FFC7B09E,#FFCEB9A8,#FFCFBAA9
https://i.redd.it/ftd3sx5ah13z.jpg,#FFFDFEFF,#FFB44B2D,#FFB54B31
https://i.redd.it/m4cfqp8wfv5z.jpg,#FFDADADC,#FFD0D0D0,#FFD1D1D1
https://i.redd.it/tb5pckm6e72y.jpg,#FFB8B6AA,#FFA1A29D,#FFA0A19C
https://i.redd.it/fyqzavufvjwy.jpg,#FFDCB083,#FFFEFEFE,#FFDAAE81
http://i.imgur.com/enhDnTM.jpg,#FFFFFFFF,#FF000000,#FFC7E5EF
http://i.imgur.com/tyDhTll.jpg,#FF070705,#FF050503,#FF060604
http://i.imgur.com/puEqa4C.jpg,#FF908E9C,#FF928FA2,#FF92909E
https://i.redd.it/ihczg3pmle3z.jpg,#FFB0B9A8,#FFA3AC9B,#FFAFB8A7
https://i.redd.it/cpkq97klre4z.jpg,#FF777868,#FF767767,#FFB3B4A4
https://i.redd.it/7ofdqmp53bzy.jpg,#FF97896A,#FF968869,#FF958768
http://i.imgur.com/sXhEQez.jpg,#FFFFFFFF,#FF000000,#FFFEFEFE
http://i.imgur.com/RycdbMO.jpg,#FFF0F7FF,#FFF2F9FF,#FFF1F8FF
https://i.redd.it/cwljeujku33z.jpg,#FFE9E6DF,#FFE4E1DC,#FFE9E4DE
https://i.redd.it/fsuv32a1cc9y.jpg,#FFFFFFFF,#FFFEFEFE,#FFFDFDFD
https://i.redd.it/sn7ufk9fsv4z.jpg,#FFCCD1D7,#FFCBD0D6,#FFCACFD5
https://i.redd.it/lsuw4p2ncyny.jpg,#FFFFFFFF,#FFAF7536,#FFFFFFFD
https://i.redd.it/n9jq5j2tatcy.jpg,#FFF3FFFF,#FFF3FEFF,#FFF4FFFF
http://i.imgur.com/FApqk3D.jpg,#FFFFFFFF,#FF000000,#FFF3C300
http://i.imgur.com/TKLs9lo.jpg,#FFFFFFFF,#FFFEFEFE,#FFF7F7F7
https://i.redd.it/0qow2dksb34z.jpg,#FFFFFFFF,#FF9FCAEC,#FFFFFFFD
http://i.imgur.com/pt9rmrv.jpg,#FFFFFFFF,#FFFCEBDB,#FFFBEADA
http://i.imgur.com/6pnYQUv.jpg,#FF191A1E,#FF1A1B1F,#FF18191D
https://i.redd.it/d8021b5i2moy.jpg,#FFFFFFFF,#FF020305,#FF030406
https://i.imgur.com/HRgRMOw.jpg,#FFA4A3A8,#FF408A59,#FF40895B
https://i.redd.it/4m5yk8gjrtzy.jpg,#FF010101,#FF020001,#FF040001
https://i.redd.it/rubsfuf64lvy.jpg,#FFBBB4A2,#FFBCB5A3,#FFBAB3A1
https://i.redd.it/xae65ypfqycy.jpg,#FFF4F4F4,#FFC83A2E,#FFC24541
https://i.redd.it/nrafqoujmety.jpg,#FF232124,#FF242225,#FF222023
http://i.imgur.com/lcEUZHv.jpg,#FFFFFFFF,#FFC6BBBF,#FF444A5A
https://i.redd.it/ru12lvaf7jyy.jpg,#FF9D9996,#FF9C9895,#FF9E9A97
https://i.redd.it/c5pk0vnpg3ty.jpg,#FF6E81CD,#FF6E81CE,#FFFEFEFE
https://i.redd.it/1nlgrn49x7ry.jpg,#FF0F0F0F,#FF101010,#FF14100D
http://i.imgur.com/qvnjbVw.jpg,#FFA9ACB5,#FFA8ABB4,#FFAAADB6
https://i.redd.it/ax4eueu0szpy.jpg,#FF22273A,#FFBCBAC8,#FFBCBAC7
http://i.imgur.com/enhDnTM.jpg,#FFFFFFFF,#FF000000,#FFC7E5EF
https://i.redd.it/guul6eld2soy.jpg,#FF6B7B94,#FF6D7D96,#FF807967
http://i.imgur.com/tyDhTll.jpg,#FF070705,#FF050503,#FF060604
http://i.imgur.com/M3NOzLC.jpg,#FFFFFFFF,#FF93907D,#FF928F7C
http://i.imgur.com/puEqa4C.jpg,#FF908E9C,#FF928FA2,#FF92909E
https://i.redd.it/ihczg3pmle3z.jpg,#FFB0B9A8,#FFA3AC9B,#FFAFB8A7
https://i.redd.it/w5q6gldnvcuy.jpg,#FFF3F3F3,#FF19161D,#FF18151C
https://i.redd.it/cpkq97klre4z.jpg,#FF777868,#FF767767,#FFB3B4A4
https://i.redd.it/s5viyluv421z.jpg,#FFF5EEDC,#FF7A522F,#FFF6EFDD
https://i.redd.it/h5t3qddvvzry.jpg,#FF0E0E0E,#FF0D0D0D,#FF020202
http://i.imgur.com/RycdbMO.jpg,#FFF0F7FF,#FFF2F9FF,#FFF1F8FF
https://i.redd.it/sn7ufk9fsv4z.jpg,#FFCCD1D7,#FFCBD0D6,#FFCACFD5
https://i.redd.it/n9jq5j2tatcy.jpg,#FFF3FFFF,#FFF3FEFF,#FFF4FFFF
http://i.imgur.com/Gh2I3pq.jpg,#FFC7B09E,#FFCEB9A8,#FFCFBAA9
https://i.redd.it/0qow2dksb34z.jpg,#FFFFFFFF,#FF9FCAEC,#FFFFFFFD
https://i.redd.it/ftd3sx5ah13z.jpg,#FFFDFEFF,#FFB44B2D,#FFB54B31
http://i.imgur.com/pt9rmrv.jpg,#FFFFFFFF,#FFFCEBDB,#FFFBEADA
http://i.imgur.com/6pnYQUv.jpg,#FF191A1E,#FF1A1B1F,#FF18191D
https://i.redd.it/m4cfqp8wfv5z.jpg,#FFDADADC,#FFD0D0D0,#FFD1D1D1
https://i.redd.it/tb5pckm6e72y.jpg,#FFB8B6AA,#FFA1A29D,#FFA0A19C
https://i.imgur.com/HRgRMOw.jpg,#FFA4A3A8,#FF408A59,#FF40895B
https://i.redd.it/fyqzavufvjwy.jpg,#FFDCB083,#FFFEFEFE,#FFDAAE81
https://i.redd.it/rubsfuf64lvy.jpg,#FFBBB4A2,#FFBCB5A3,#FFBAB3A1
https://i.redd.it/nrafqoujmety.jpg,#FF232124,#FF242225,#FF222023
https://i.redd.it/ru12lvaf7jyy.jpg,#FF9D9996,#FF9C9895,#FF9E9A97
https://i.redd.it/c5pk0vnpg3ty.jpg,#FF6E81CD,#FF6E81CE,#FFFEFEFE
http://i.imgur.com/qvnjbVw.jpg,#FFA9ACB5,#FFA8ABB4,#FFAAADB6
https://i.redd.it/ax4eueu0szpy.jpg,#FF22273A,#FFBCBAC8,#FFBCBAC7
https://i.redd.it/7ofdqmp53bzy.jpg,#FF97896A,#FF968869,#FF958768
http://i.imgur.com/sXhEQez.jpg,#FFFFFFFF,#FF000000,#FFFEFEFE
https://i.redd.it/cwljeujku33z.jpg,#FFE9E6DF,#FFE4E1DC,#FFE9E4DE
https://i.redd.it/guul6eld2soy.jpg,#FF6B7B94,#FF6D7D96,#FF807967
https://i.redd.it/fsuv32a1cc9y.jpg,#FFFFFFFF,#FFFEFEFE,#FFFDFDFD
https://i.redd.it/lsuw4p2ncyny.jpg,#FFFFFFFF,#FFAF7536,#FFFFFFFD
http://i.imgur.com/FApqk3D.jpg,#FFFFFFFF,#FF000000,#FFF3C300
http://i.imgur.com/TKLs9lo.jpg,#FFFFFFFF,#FFFEFEFE,#FFF7F7F7
http://i.imgur.com/Gh2I3pq.jpg,#FFC7B09E,#FFCEB9A8,#FFCFBAA9
https://i.redd.it/d8021b5i2moy.jpg,#FFFFFFFF,#FF020305,#FF030406
https://i.redd.it/4m5yk8gjrtzy.jpg,#FF010101,#FF020001,#FF040001
https://i.redd.it/xae65ypfqycy.jpg,#FFF4F4F4,#FFC83A2E,#FFC24541
http://i.imgur.com/lcEUZHv.jpg,#FFFFFFFF,#FFC6BBBF,#FF444A5A
https://i.redd.it/1nlgrn49x7ry.jpg,#FF0F0F0F,#FF101010,#FF14100D
https://i.redd.it/m4cfqp8wfv5z.jpg,#FFDADADC,#FFD0D0D0,#FFD1D1D1
https://i.redd.it/tb5pckm6e72y.jpg,#FFB8B6AA,#FFA1A29D,#FFA0A19C
https://i.redd.it/fyqzavufvjwy.jpg,#FFDCB083,#FFFEFEFE,#FFDAAE81
http://i.imgur.com/M3NOzLC.jpg,#FFFFFFFF,#FF93907D,#FF928F7C
http://i.imgur.com/enhDnTM.jpg,#FFFFFFFF,#FF000000,#FFC7E5EF
http://i.imgur.com/tyDhTll.jpg,#FF070705,#FF050503,#FF060604
http://i.imgur.com/puEqa4C.jpg,#FF908E9C,#FF928FA2,#FF92909E
https://i.redd.it/ihczg3pmle3z.jpg,#FFB0B9A8,#FFA3AC9B,#FFAFB8A7
https://i.redd.it/cpkq97klre4z.jpg,#FF777868,#FF767767,#FFB3B4A4
https://i.redd.it/w5q6gldnvcuy.jpg,#FFF3F3F3,#FF19161D,#FF18151C
https://i.redd.it/s5viyluv421z.jpg,#FFF5EEDC,#FF7A522F,#FFF6EFDD
https://i.redd.it/h5t3qddvvzry.jpg,#FF0E0E0E,#FF0D0D0D,#FF020202
http://i.imgur.com/RycdbMO.jpg,#FFF0F7FF,#FFF2F9FF,#FFF1F8FF
https://i.redd.it/lsuw4p2ncyny.jpg,#FFFFFFFF,#FFAF7536,#FFFFFFFD
http://i.imgur.com/FApqk3D.jpg,#FFFFFFFF,#FF000000,#FFF3C300
https://i.redd.it/sn7ufk9fsv4z.jpg,#FFCCD1D7,#FFCBD0D6,#FFCACFD5
http://i.imgur.com/TKLs9lo.jpg,#FFFFFFFF,#FFFEFEFE,#FFF7F7F7
https://i.redd.it/n9jq5j2tatcy.jpg,#FFF3FFFF,#FFF3FEFF,#FFF4FFFF
https://i.redd.it/0qow2dksb34z.jpg,#FFFFFFFF,#FF9FCAEC,#FFFFFFFD
https://i.redd.it/ftd3sx5ah13z.jpg,#FFFDFEFF,#FFB44B2D,#FFB54B31
http://i.imgur.com/pt9rmrv.jpg,#FFFFFFFF,#FFFCEBDB,#FFFBEADA
http://i.imgur.com/6pnYQUv.jpg,#FF191A1E,#FF1A1B1F,#FF18191D
https://i.redd.it/d8021b5i2moy.jpg,#FFFFFFFF,#FF020305,#FF030406
https://i.redd.it/4m5yk8gjrtzy.jpg,#FF010101,#FF020001,#FF040001
https://i.imgur.com/HRgRMOw.jpg,#FFA4A3A8,#FF408A59,#FF40895B
https://i.redd.it/xae65ypfqycy.jpg,#FFF4F4F4,#FFC83A2E,#FFC24541
http://i.imgur.com/lcEUZHv.jpg,#FFFFFFFF,#FFC6BBBF,#FF444A5A
https://i.redd.it/rubsfuf64lvy.jpg,#FFBBB4A2,#FFBCB5A3,#FFBAB3A1
https://i.redd.it/1nlgrn49x7ry.jpg,#FF0F0F0F,#FF101010,#FF14100D
https://i.redd.it/nrafqoujmety.jpg,#FF232124,#FF242225,#FF222023
https://i.redd.it/ru12lvaf7jyy.jpg,#FF9D9996,#FF9C9895,#FF9E9A97
https://i.redd.it/c5pk0vnpg3ty.jpg,#FF6E81CD,#FF6E81CE,#FFFEFEFE
http://i.imgur.com/qvnjbVw.jpg,#FFA9ACB5,#FFA8ABB4,#FFAAADB6
https://i.redd.it/ax4eueu0szpy.jpg,#FF22273A,#FFBCBAC8,#FFBCBAC7
http://i.imgur.com/M3NOzLC.jpg,#FFFFFFFF,#FF93907D,#FF928F7C
https://i.redd.it/7ofdqmp53bzy.jpg,#FF97896A,#FF968869,#FF958768
http://i.imgur.com/sXhEQez.jpg,#FFFFFFFF,#FF000000,#FFFEFEFE
https://i.redd.it/cwljeujku33z.jpg,#FFE9E6DF,#FFE4E1DC,#FFE9E4DE
https://i.redd.it/w5q6gldnvcuy.jpg,#FFF3F3F3,#FF19161D,#FF18151C
https://i.redd.it/s5viyluv421z.jpg,#FFF5EEDC,#FF7A522F,#FFF6EFDD
https://i.redd.it/fsuv32a1cc9y.jpg,#FFFFFFFF,#FFFEFEFE,#FFFDFDFD
https://i.redd.it/guul6eld2soy.jpg,#FF6B7B94,#FF6D7D96,#FF807967
https://i.redd.it/h5t3qddvvzry.jpg,#FF0E0E0E,#FF0D0D0D,#FF020202
http://i.imgur.com/Gh2I3pq.jpg,#FFC7B09E,#FFCEB9A8,#FFCFBAA9
https://i.redd.it/ftd3sx5ah13z.jpg,#FFFDFEFF,#FFB44B2D,#FFB54B31
http://i.imgur.com/enhDnTM.jpg,#FFFFFFFF,#FF000000,#FFC7E5EF
http://i.imgur.com/tyDhTll.jpg,#FF070705,#FF050503,#FF060604
http://i.imgur.com/puEqa4C.jpg,#FF908E9C,#FF928FA2,#FF92909E
https://i.redd.it/ihczg3pmle3z.jpg,#FFB0B9A8,#FFA3AC9B,#FFAFB8A7
https://i.redd.it/m4cfqp8wfv5z.jpg,#FFDADADC,#FFD0D0D0,#FFD1D1D1
https://i.redd.it/cpkq97klre4z.jpg,#FF777868,#FF767767,#FFB3B4A4
https://i.redd.it/tb5pckm6e72y.jpg,#FFB8B6AA,#FFA1A29D,#FFA0A19C
https://i.redd.it/fyqzavufvjwy.jpg,#FFDCB083,#FFFEFEFE,#FFDAAE81
http://i.imgur.com/RycdbMO.jpg,#FFF0F7FF,#FFF2F9FF,#FFF1F8FF
https://i.redd.it/7ofdqmp53bzy.jpg,#FF97896A,#FF968869,#FF958768
http://i.imgur.com/sXhEQez.jpg,#FFFFFFFF,#FF000000,#FFFEFEFE
https://i.redd.it/cwljeujku33z.jpg,#FFE9E6DF,#FFE4E1DC,#FFE9E4DE
https://i.redd.it/fsuv32a1cc9y.jpg,#FFFFFFFF,#FFFEFEFE,#FFFDFDFD
https://i.redd.it/sn7ufk9fsv4z.jpg,#FFCCD1D7,#FFCBD0D6,#FFCACFD5
https://i.redd.it/n9jq5j2tatcy.jpg,#FFF3FFFF,#FFF3FEFF,#FFF4FFFF
https://i.redd.it/0qow2dksb34z.jpg,#FFFFFFFF,#FF9FCAEC,#FFFFFFFD
https://i.redd.it/lsuw4p2ncyny.jpg,#FFFFFFFF,#FFAF7536,#FFFFFFFD
http://i.imgur.com/pt9rmrv.jpg,#FFFFFFFF,#FFFCEBDB,#FFFBEADA
http://i.imgur.com/FApqk3D.jpg,#FFFFFFFF,#FF000000,#FFF3C300
http://i.imgur.com/TKLs9lo.jpg,#FFFFFFFF,#FFFEFEFE,#FFF7F7F7
http://i.imgur.com/6pnYQUv.jpg,#FF191A1E,#FF1A1B1F,#FF18191D
https://i.imgur.com/HRgRMOw.jpg,#FFA4A3A8,#FF408A59,#FF40895B
https://i.redd.it/rubsfuf64lvy.jpg,#FFBBB4A2,#FFBCB5A3,#FFBAB3A1
https://i.redd.it/nrafqoujmety.jpg,#FF232124,#FF242225,#FF222023
https://i.redd.it/ru12lvaf7jyy.jpg,#FF9D9996,#FF9C9895,#FF9E9A97
https://i.redd.it/c5pk0vnpg3ty.jpg,#FF6E81CD,#FF6E81CE,#FFFEFEFE
https://i.redd.it/d8021b5i2moy.jpg,#FFFFFFFF,#FF020305,#FF030406
http://i.imgur.com/qvnjbVw.jpg,#FFA9ACB5,#FFA8ABB4,#FFAAADB6
https://i.redd.it/4m5yk8gjrtzy.jpg,#FF010101,#FF020001,#FF040001
https://i.redd.it/ax4eueu0szpy.jpg,#FF22273A,#FFBCBAC8,#FFBCBAC7
http://i.imgur.com/enhDnTM.jpg,#FFFFFFFF,#FF000000,#FFC7E5EF
http://i.imgur.com/tyDhTll.jpg,#FF070705,#FF050503,#FF060604
https://i.redd.it/xae65ypfqycy.jpg,#FFF4F4F4,#FFC83A2E,#FFC24541
http://i.imgur.com/puEqa4C.jpg,#FF908E9C,#FF928FA2,#FF92909E
https://i.redd.it/ihczg3pmle3z.jpg,#FFB0B9A8,#FFA3AC9B,#FFAFB8A7
http://i.imgur.com/lcEUZHv.jpg,#FFFFFFFF,#FFC6BBBF,#FF444A5A
https://i.redd.it/cpkq97klre4z.jpg,#FF777868,#FF767767,#FFB3B4A4
https://i.redd.it/1nlgrn49x7ry.jpg,#FF0F0F0F,#FF101010,#FF14100D
https://i.redd.it/guul6eld2soy.jpg,#FF6B7B94,#FF6D7D96,#FF807967
http://i.imgur.com/RycdbMO.jpg,#FFF0F7FF,#FFF2F9FF,#FFF1F8FF
http://i.imgur.com/M3NOzLC.jpg,#FFFFFFFF,#FF93907D,#FF928F7C
https://i.redd.it/w5q6gldnvcuy.jpg,#FFF3F3F3,#FF19161D,#FF18151C
https://i.redd.it/s5viyluv421z.jpg,#FFF5EEDC,#FF7A522F,#FFF6EFDD
https://i.redd.it/sn7ufk9fsv4z.jpg,#FFCCD1D7,#FFCBD0D6,#FFCACFD5
https://i.redd.it/h5t3qddvvzry.jpg,#FF0E0E0E,#FF0D0D0D,#FF020202
https://i.redd.it/n9jq5j2tatcy.jpg,#FFF3FFFF,#FFF3FEFF,#FFF4FFFF
http://i.imgur.com/Gh2I3pq.jpg,#FFC7B09E,#FFCEB9A8,#FFCFBAA9
https://i.redd.it/0qow2dksb34z.jpg,#FFFFFFFF,#FF9FCAEC,#FFFFFFFD
http://i.imgur.com/pt9rmrv.jpg,#FFFFFFFF,#FFFCEBDB,#FFFBEADA
http://i.imgur.com/6pnYQUv.jpg,#FF191A1E,#FF1A1B1F,#FF18191D
https://i.redd.it/ftd3sx5ah13z.jpg,#FFFDFEFF,#FFB44B2D,#FFB54B31
https://i.imgur.com/HRgRMOw.jpg,#FFA4A3A8,#FF408A59,#FF40895B
https://i.redd.it/m4cfqp8wfv5z.jpg,#FFDADADC,#FFD0D0D0,#FFD1D1D1
https://i.redd.it/rubsfuf64lvy.jpg,#FFBBB4A2,#FFBCB5A3,#FFBAB3A1
https://i.redd.it/tb5pckm6e72y.jpg,#FFB8B6AA,#FFA1A29D,#FFA0A19C
https://i.redd.it/fyqzavufvjwy.jpg,#FFDCB083,#FFFEFEFE,#FFDAAE81
https://i.redd.it/nrafqoujmety.jpg,#FF232124,#FF242225,#FF222023
https://i.redd.it/ru12lvaf7jyy.jpg,#FF9D9996,#FF9C9895,#FF9E9A97
https://i.redd.it/c5pk0vnpg3ty.jpg,#FF6E81CD,#FF6E81CE,#FFFEFEFE
http://i.imgur.com/qvnjbVw.jpg,#FFA9ACB5,#FFA8ABB4,#FFAAADB6
https://i.redd.it/ax4eueu0szpy.jpg,#FF22273A,#FFBCBAC8,#FFBCBAC7
https://i.redd.it/guul6eld2soy.jpg,#FF6B7B94,#FF6D7D96,#FF807967
https://i.redd.it/7ofdqmp53bzy.jpg,#FF97896A,#FF968869,#FF958768
http://i.imgur.com/sXhEQez.jpg,#FFFFFFFF,#FF000000,#FFFEFEFE
https://i.redd.it/cwljeujku33z.jpg,#FFE9E6DF,#FFE4E1DC,#FFE9E4DE
https://i.redd.it/fsuv32a1cc9y.jpg,#FFFFFFFF,#FFFEFEFE,#FFFDFDFD
https://i.redd.it/lsuw4p2ncyny.jpg,#FFFFFFFF,#FFAF7536,#FFFFFFFD
http://i.imgur.com/FApqk3D.jpg,#FFFFFFFF,#FF000000,#FFF3C300
http://i.imgur.com/TKLs9lo.jpg,#FFFFFFFF,#FFFEFEFE,#FFF7F7F7
http://i.imgur.com/Gh2I3pq.jpg,#FFC7B09E,#FFCEB9A8,#FFCFBAA9
https://i.redd.it/d8021b5i2moy.jpg,#FFFFFFFF,#FF020305,#FF030406
https://i.redd.it/4m5yk8gjrtzy.jpg,#FF010101,#FF020001,#FF040001
https://i.redd.it/xae65ypfqycy.jpg,#FFF4F4F4,#FFC83A2E,#FFC24541
http://i.imgur.com/lcEUZHv.jpg,#FFFFFFFF,#FFC6BBBF,#FF444A5A
http://i.imgur.com/enhDnTM.jpg,#FFFFFFFF,#FF000000,#FFC7E5EF
https://i.redd.it/1nlgrn49x7ry.jpg,#FF0F0F0F,#FF101010,#FF14100D
https://i.redd.it/m4cfqp8wfv5z.jpg,#FFDADADC,#FFD0D0D0,#FFD1D1D1
http://i.imgur.com/tyDhTll.jpg,#FF070705,#FF050503,#FF060604
http://i.imgur.com/puEqa4C.jpg,#FF908E9C,#FF928FA2,#FF92909E
https://i.redd.it/tb5pckm6e72y.jpg,#FFB8B6AA,#FFA1A29D,#FFA0A19C
https://i.redd.it/ihczg3pmle3z.jpg,#FFB0B9A8,#FFA3AC9B,#FFAFB8A7
https://i.redd.it/cpkq97klre4z.jpg,#FF777868,#FF767767,#FFB3B4A4
https://i.redd.it/fyqzavufvjwy.jpg,#FFDCB083,#FFFEFEFE,#FFDAAE81
http://i.imgur.com/RycdbMO.jpg,#FFF0F7FF,#FFF2F9FF,#FFF1F8FF
http://i.imgur.com/M3NOzLC.jpg,#FFFFFFFF,#FF93907D,#FF928F7C
https://i.redd.it/w5q6gldnvcuy.jpg,#FFF3F3F3,#FF19161D,#FF18151C
https://i.redd.it/s5viyluv421z.jpg,#FFF5EEDC,#FF7A522F,#FFF6EFDD
https://i.redd.it/sn7ufk9fsv4z.jpg,#FFCCD1D7,#FFCBD0D6,#FFCACFD5
https://i.redd.it/h5t3qddvvzry.jpg,#FF0E0E0E,#FF0D0D0D,#FF020202
https://i.redd.it/n9jq5j2tatcy.jpg,#FFF3FFFF,#FFF3FEFF,#FFF4FFFF
https://i.redd.it/lsuw4p2ncyny.jpg,#FFFFFFFF,#FFAF7536,#FFFFFFFD
https://i.redd.it/0qow2dksb34z.jpg,#FFFFFFFF,#FF9FCAEC,#FFFFFFFD
http://i.imgur.com/FApqk3D.jpg,#FFFFFFFF,#FF000000,#FFF3C300
http://i.imgur.com/TKLs9lo.jpg,#FFFFFFFF,#FFFEFEFE,#FFF7F7F7
http://i.imgur.com/pt9rmrv.jpg,#FFFFFFFF,#FFFCEBDB,#FFFBEADA
http://i.imgur.com/6pnYQUv.jpg,#FF191A1E,#FF1A1B1F,#FF18191D
https://i.redd.it/ftd3sx5ah13z.jpg,#FFFDFEFF,#FFB44B2D,#FFB54B31
https://i.imgur.com/HRgRMOw.jpg,#FFA4A3A8,#FF408A59,#FF40895B
https://i.redd.it/rubsfuf64lvy.jpg,#FFBBB4A2,#FFBCB5A3,#FFBAB3A1
https://i.redd.it/nrafqoujmety.jpg,#FF232124,#FF242225,#FF222023
https://i.redd.it/d8021b5i2moy.jpg,#FFFFFFFF,#FF020305,#FF030406
https://i.redd.it/ru12lvaf7jyy.jpg,#FF9D9996,#FF9C9895,#FF9E9A97
https://i.redd.it/4m5yk8gjrtzy.jpg,#FF010101,#FF020001,#FF040001
https://i.redd.it/c5pk0vnpg3ty.jpg,#FF6E81CD,#FF6E81CE,#FFFEFEFE
http://i.imgur.com/qvnjbVw.jpg,#FFA9ACB5,#FFA8ABB4,#FFAAADB6
https://i.redd.it/ax4eueu0szpy.jpg,#FF22273A,#FFBCBAC8,#FFBCBAC7
https://i.redd.it/xae65ypfqycy.jpg,#FFF4F4F4,#FFC83A2E,#FFC24541
http://i.imgur.com/lcEUZHv.jpg,#FFFFFFFF,#FFC6BBBF,#FF444A5A
https://i.redd.it/1nlgrn49x7ry.jpg,#FF0F0F0F,#FF101010,#FF14100D
https://i.redd.it/guul6eld2soy.jpg,#FF6B7B94,#FF6D7D96,#FF807967
https://i.redd.it/7ofdqmp53bzy.jpg,#FF97896A,#FF968869,#FF958768
http://i.imgur.com/sXhEQez.jpg,#FFFFFFFF,#FF000000,#FFFEFEFE
http://i.imgur.com/M3NOzLC.jpg,#FFFFFFFF,#FF93907D,#FF928F7C
https://i.redd.it/cwljeujku33z.jpg,#FFE9E6DF,#FFE4E1DC,#FFE9E4DE
https://i.redd.it/fsuv32a1cc9y.jpg,#FFFFFFFF,#FFFEFEFE,#FFFDFDFD
https://i.redd.it/w5q6gldnvcuy.jpg,#FFF3F3F3,#FF19161D,#FF18151C
https://i.redd.it/s5viyluv421z.jpg,#FFF5EEDC,#FF7A522F,#FFF6EFDD
https://i.redd.it/h5t3qddvvzry.jpg,#FF0E0E0E,#FF0D0D0D,#FF020202
http://i.imgur.com/Gh2I3pq.jpg,#FFC7B09E,#FFCEB9A8,#FFCFBAA9
https://i.redd.it/ftd3sx5ah13z.jpg,#FFFDFEFF,#FFB44B2D,#FFB54B31
https://i.redd.it/m4cfqp8wfv5z.jpg,#FFDADADC,#FFD0D0D0,#FFD1D1D1
https://i.redd.it/tb5pckm6e72y.jpg,#FFB8B6AA,#FFA1A29D,#FFA0A19C
https://i.redd.it/fyqzavufvjwy.jpg,#FFDCB083,#FFFEFEFE,#FFDAAE81
http://i.imgur.com/enhDnTM.jpg,#FFFFFFFF,#FF000000,#FFC7E5EF
http://i.imgur.com/tyDhTll.jpg,#FF070705,#FF050503,#FF060604
http://i.imgur.com/puEqa4C.jpg,#FF908E9C,#FF928FA2,#FF92909E
https://i.redd.it/ihczg3pmle3z.jpg,#FFB0B9A8,#FFA3AC9B,#FFAFB8A7
https://i.redd.it/cpkq97klre4z.jpg,#FF777868,#FF767767,#FFB3B4A4
http://i.imgur.com/RycdbMO.jpg,#FFF0F7FF,#FFF2F9FF,#FFF1F8FF
https://i.redd.it/7ofdqmp53bzy.jpg,#FF97896A,#FF968869,#FF958768
http://i.imgur.com/sXhEQez.jpg,#FFFFFFFF,#FF000000,#FFFEFEFE
https://i.redd.it/cwljeujku33z.jpg,#FFE9E6DF,#FFE4E1DC,#FFE9E4DE
https://i.redd.it/lsuw4p2ncyny.jpg,#FFFFFFFF,#FFAF7536,#FFFFFFFD
https://i.redd.it/fsuv32a1cc9y.jpg,#FFFFFFFF,#FFFEFEFE,#FFFDFDFD
https://i.redd.it/sn7ufk9fsv4z.jpg,#FFCCD1D7,#FFCBD0D6,#FFCACFD5
http://i.imgur.com/FApqk3D.jpg,#FFFFFFFF,#FF000000,#FFF3C300
http://i.imgur.com/TKLs9lo.jpg,#FFFFFFFF,#FFFEFEFE,#FFF7F7F7
https://i.redd.it/n9jq5j2tatcy.jpg,#FFF3FFFF,#FFF3FEFF,#FFF4FFFF
https://i.redd.it/0qow2dksb34z.jpg,#FFFFFFFF,#FF9FCAEC,#FFFFFFFD
http://i.imgur.com/pt9rmrv.jpg,#FFFFFFFF,#FFFCEBDB,#FFFBEADA
http://i.imgur.com/6pnYQUv.jpg,#FF191A1E,#FF1A1B1F,#FF18191D
https://i.redd.it/d8021b5i2moy.jpg,#FFFFFFFF,#FF020305,#FF030406
https://i.redd.it/4m5yk8gjrtzy.jpg,#FF010101,#FF020001,#FF040001
https://i.imgur.com/HRgRMOw.jpg,#FFA4A3A8,#FF408A59,#FF40895B
https://i.redd.it/xae65ypfqycy.jpg,#FFF4F4F4,#FFC83A2E,#FFC24541
https://i.redd.it/rubsfuf64lvy.jpg,#FFBBB4A2,#FFBCB5A3,#FFBAB3A1
http://i.imgur.com/lcEUZHv.jpg,#FFFFFFFF,#FFC6BBBF,#FF444A5A
https://i.redd.it/1nlgrn49x7ry.jpg,#FF0F0F0F,#FF101010,#FF14100D
https://i.redd.it/nrafqoujmety.jpg,#FF232124,#FF242225,#FF222023
https://i.redd.it/ru12lvaf7jyy.jpg,#FF9D9996,#FF9C9895,#FF9E9A97
https://i.redd.it/c5pk0vnpg3ty.jpg,#FF6E81CD,#FF6E81CE,#FFFEFEFE
http://i.imgur.com/qvnjbVw.jpg,#FFA9ACB5,#FFA8ABB4,#FFAAADB6
https://i.redd.it/ax4eueu0szpy.jpg,#FF22273A,#FFBCBAC8,#FFBCBAC7
http://i.imgur.com/M3NOzLC.jpg,#FFFFFFFF,#FF93907D,#FF928F7C
http://i.imgur.com/enhDnTM.jpg,#FFFFFFFF,#FF000000,#FFC7E5EF
http://i.imgur.com/tyDhTll.jpg,#FF070705,#FF050503,#FF060604
https://i.redd.it/w5q6gldnvcuy.jpg,#FFF3F3F3,#FF19161D,#FF18151C
http://i.imgur.com/puEqa4C.jpg,#FF908E9C,#FF928FA2,#FF92909E
https://i.redd.it/s5viyluv421z.jpg,#FFF5EEDC,#FF7A522F,#FFF6EFDD
https://i.redd.it/guul6eld2soy.jpg,#FF6B7B94,#FF6D7D96,#FF807967
https://i.redd.it/ihczg3pmle3z.jpg,#FFB0B9A8,#FFA3AC9B,#FFAFB8A7
https://i.redd.it/cpkq97klre4z.jpg,#FF777868,#FF767767,#FFB3B4A4
https://i.redd.it/h5t3qddvvzry.jpg,#FF0E0E0E,#FF0D0D0D,#FF020202
http://i.imgur.com/RycdbMO.jpg,#FFF0F7FF,#FFF2F9FF,#FFF1F8FF
https://i.redd.it/sn7ufk9fsv4z.jpg,#FFCCD1D7,#FFCBD0D6,#FFCACFD5
https://i.redd.it/n9jq5j2tatcy.jpg,#FFF3FFFF,#FFF3FEFF,#FFF4FFFF
http://i.imgur.com/Gh2I3pq.jpg,#FFC7B09E,#FFCEB9A8,#FFCFBAA9
https://i.redd.it/0qow2dksb34z.jpg,#FFFFFFFF,#FF9FCAEC,#FFFFFFFD
https://i.redd.it/ftd3sx5ah13z.jpg,#FFFDFEFF,#FFB44B2D,#FFB54B31
http://i.imgur.com/pt9rmrv.jpg,#FFFFFFFF,#FFFCEBDB,#FFFBEADA
http://i.imgur.com/6pnYQUv.jpg,#FF191A1E,#FF1A1B1F,#FF18191D
https://i.imgur.com/HRgRMOw.jpg,#FFA4A3A8,#FF408A59,#FF40895B
https://i.redd.it/rubsfuf64lvy.jpg,#FFBBB4A2,#FFBCB5A3,#FFBAB3A1
https://i.redd.it/m4cfqp8wfv5z.jpg,#FFDADADC,#FFD0D0D0,#FFD1D1D1
https://i.redd.it/nrafqoujmety.jpg,#FF232124,#FF242225,#FF222023
https://i.redd.it/tb5pckm6e72y.jpg,#FFB8B6AA,#FFA1A29D,#FFA0A19C
https://i.redd.it/ru12lvaf7jyy.jpg,#FF9D9996,#FF9C9895,#FF9E9A97
https://i.redd.it/fyqzavufvjwy.jpg,#FFDCB083,#FFFEFEFE,#FFDAAE81
https://i.redd.it/c5pk0vnpg3ty.jpg,#FF6E81CD,#FF6E81CE,#FFFEFEFE
http://i.imgur.com/qvnjbVw.jpg,#FFA9ACB5,#FFA8ABB4,#FFAAADB6
https://i.redd.it/ax4eueu0szpy.jpg,#FF22273A,#FFBCBAC8,#FFBCBAC7
https://i.redd.it/7ofdqmp53bzy.jpg,#FF97896A,#FF968869,#FF958768
http://i.imgur.com/sXhEQez.jpg,#FFFFFFFF,#FF000000,#FFFEFEFE
https://i.redd.it/cwljeujku33z.jpg,#FFE9E6DF,#FFE4E1DC,#FFE9E4DE
https://i.redd.it/fsuv32a1cc9y.jpg,#FFFFFFFF,#FFFEFEFE,#FFFDFDFD
https://i.redd.it/guul6eld2soy.jpg,#FF6B7B94,#FF6D7D96,#FF807967
https://i.redd.it/lsuw4p2ncyny.jpg,#FFFFFFFF,#FFAF7536,#FFFFFFFD
http://i.imgur.com/FApqk3D.jpg,#FFFFFFFF,#FF000000,#FFF3C300
http://i.imgur.com/TKLs9lo.jpg,#FFFFFFFF,#FFFEFEFE,#FFF7F7F7
http://i.imgur.com/Gh2I3pq.jpg,#FFC7B09E,#FFCEB9A8,#FFCFBAA9
https://i.redd.it/d8021b5i2moy.jpg,#FFFFFFFF,#FF020305,#FF030406
http://i.imgur.com/enhDnTM.jpg,#FFFFFFFF,#FF000000,#FFC7E5EF
http://i.imgur.com/tyDhTll.jpg,#FF070705,#FF050503,#FF060604
http://i.imgur.com/puEqa4C.jpg,#FF908E9C,#FF928FA2,#FF92909E
https://i.redd.it/4m5yk8gjrtzy.jpg,#FF010101,#FF020001,#FF040001
https://i.redd.it/ihczg3pmle3z.jpg,#FFB0B9A8,#FFA3AC9B,#FFAFB8A7
https://i.redd.it/cpkq97klre4z.jpg,#FF777868,#FF767767,#FFB3B4A4
https://i.redd.it/xae65ypfqycy.jpg,#FFF4F4F4,#FFC83A2E,#FFC24541
https://i.redd.it/m4cfqp8wfv5z.jpg,#FFDADADC,#FFD0D0D0,#FFD1D1D1
http://i.imgur.com/lcEUZHv.jpg,#FFFFFFFF,#FFC6BBBF,#FF444A5A
https://i.redd.it/tb5pckm6e72y.jpg,#FFB8B6AA,#FFA1A29D,#FFA0A19C
https://i.redd.it/1nlgrn49x7ry.jpg,#FF0F0F0F,#FF101010,#FF14100D
http://i.imgur.com/RycdbMO.jpg,#FFF0F7FF,#FFF2F9FF,#FFF1F8FF
https://i.redd.it/fyqzavufvjwy.jpg,#FFDCB083,#FFFEFEFE,#FFDAAE81
http://i.imgur.com/M3NOzLC.jpg,#FFFFFFFF,#FF93907D,#FF928F7C
https://i.redd.it/sn7ufk9fsv4z.jpg,#FFCCD1D7,#FFCBD0D6,#FFCACFD5
https://i.redd.it/w5q6gldnvcuy.jpg,#FFF3F3F3,#FF19161D,#FF18151C
https://i.redd.it/s5viyluv421z.jpg,#FFF5EEDC,#FF7A522F,#FFF6EFDD
https://i.redd.it/n9jq5j2tatcy.jpg,#FFF3FFFF,#FFF3FEFF,#FFF4FFFF
https://i.redd.it/h5t3qddvvzry.jpg,#FF0E0E0E,#FF0D0D0D,#FF020202
https://i.redd.it/0qow2dksb34z.jpg,#FFFFFFFF,#FF9FCAEC,#FFFFFFFD
http://i.imgur.com/pt9rmrv.jpg,#FFFFFFFF,#FFFCEBDB,#FFFBEADA
https://i.redd.it/lsuw4p2ncyny.jpg,#FFFFFFFF,#FFAF7536,#FFFFFFFD
http://i.imgur.com/6pnYQUv.jpg,#FF191A1E,#FF1A1B1F,#FF18191D
http://i.imgur.com/FApqk3D.jpg,#FFFFFFFF,#FF000000,#FFF3C300
http://i.imgur.com/TKLs9lo.jpg,#FFFFFFFF,#FFFEFEFE,#FFF7F7F7
https://i.imgur.com/HRgRMOw.jpg,#FFA4A3A8,#FF408A59,#FF40895B
https://i.redd.it/rubsfuf64lvy.jpg,#FFBBB4A2,#FFBCB5A3,#FFBAB3A1
https://i.redd.it/ftd3sx5ah13z.jpg,#FFFDFEFF,#FFB44B2D,#FFB54B31
https://i.redd.it/nrafqoujmety.jpg,#FF232124,#FF242225,#FF222023
https://i.redd.it/d8021b5i2moy.jpg,#FFFFFFFF,#FF020305,#FF030406
https://i.redd.it/4m5yk8gjrtzy.jpg,#FF010101,#FF020001,#FF040001
https://i.redd.it/xae65ypfqycy.jpg,#FFF4F4F4,#FFC83A2E,#FFC24541
http://i.imgur.com/lcEUZHv.jpg,#FFFFFFFF,#FFC6BBBF,#FF444A5A
https://i.redd.it/7ofdqmp53bzy.jpg,#FF97896A,#FF968869,#FF958768
https://i.redd.it/1nlgrn49x7ry.jpg,#FF0F0F0F,#FF101010,#FF14100D
http://i.imgur.com/sXhEQez.jpg,#FFFFFFFF,#FF000000,#FFFEFEFE
https://i.redd.it/cwljeujku33z.jpg,#FFE9E6DF,#FFE4E1DC,#FFE9E4DE
https://i.redd.it/fsuv32a1cc9y.jpg,#FFFFFFFF,#FFFEFEFE,#FFFDFDFD
http://i.imgur.com/M3NOzLC.jpg,#FFFFFFFF,#FF93907D,#FF928F7C
https://i.redd.it/w5q6gldnvcuy.jpg,#FFF3F3F3,#FF19161D,#FF18151C
https://i.redd.it/s5viyluv421z.jpg,#FFF5EEDC,#FF7A522F,#FFF6EFDD
http://i.imgur.com/enhDnTM.jpg,#FFFFFFFF,#FF000000,#FFC7E5EF
http://i.imgur.com/tyDhTll.jpg,#FF070705,#FF050503,#FF060604
http://i.imgur.com/puEqa4C.jpg,#FF908E9C,#FF928FA2,#FF92909E
https://i.redd.it/ihczg3pmle3z.jpg,#FFB0B9A8,#FFA3AC9B,#FFAFB8A7
